豌豆荚	1473482064	http://www.wandoujia.com/apps/activity.cmst.com.scm	中储供应链	3436812	1447344000	效率办公	NULL	1.6	Android 4.0 以上	安卓市场	380	0	0	-1	-1	-1	NULL	【应用介绍】 中储供应链管理平台是上海厚谦商务咨询有限公司基于供应链网络设计，集成最佳行业实践业务模型，结合多年供应链软件的研发经验，为中国储运部门量身定制的供应链系统。 【主要功能】 【运单关联】交货单号和条形码运单的关联，当前现场发货人员分配的交货单，点击扫描条形码即关联成功； 【运单登记】扫描关联成功的运单条形码即触发运单登记，运单登记界面审查运单信息是否正确； 【运单拍照】扫描运单，显示当前运单信息，点击拍照，要拍摄司机身份证、行驶证、车辆、车牌现场的信息并上传服务器，以便做备案； 【合同拍照】扫描运单条形码，显示当前运单信息，在扫描合同条形码即运单和当前合同做了关联，对合同进行拍照并上传服务器，以便合同备案； 【运单查询】查询运单具体信息； 【未提货车辆】可以查看到司机已经确认提货，但是还没有进行登记的运单的车辆所在的具体位置信息； 【运单位置】可以查询到已登记后运单所在的车辆具体位置信息； 【回单回收】”回单回收“是对司机带回的运单(收货人已签字)，进行拍照留存的功能；
豌豆荚	1473482064	http://www.wandoujia.com/apps/air.CamRollEx	Camera Roll Example	84948	1423670400	教育培训	NULL	1.1.0	Android 2.2.x 以上	应用汇	4063	0	0	-1	-1	-1	NULL	版本：1.1.0
豌豆荚	1473482064	http://www.wandoujia.com/apps/air.Russian	Russian SKB( Pad版)	646824	1389369600	美化手机	NULL	v1.0	Android 2.2.x 以上	百度手机助手	1907	0	0	-1	-1	-1	NULL	版本：v1.0
豌豆荚	1473482064	http://www.wandoujia.com/apps/air.com.annnnkg.HeartSurgery	心脏外科手术	15192483	1421683200	休闲时间	NULL	1.0.0	Android 2.2.x 以上	应用宝	123	0	0	-1	-1	-1	NULL	你是一家医院的一名见习医生，现在你需要给一个小男孩进行心脏手术，他的生命就交托在你的手上了。救死扶伤是医生的天职哦！
豌豆荚	1473482064	http://www.wandoujia.com/apps/air.SQUAREFEETCALCULATOR	瓷砖计算器	10789497	1427644800	体育格斗	NULL	8.0.16	Android 2.2.x 以上	应用汇	4762	0	0	-1	-1	-1	NULL	开发者：来自谷歌市场
豌豆荚	1473482064	http://www.wandoujia.com/apps/air.com.bizedge.EdgeReview	边缘评论	14250130	1415894400	其它	NULL	5.2.240	Android 2.2.x 以上	360手机助手	290	0	0	-1	-1	-1	NULL	The Edge Review – Your window to Southeast Asia The Edge Review is a wholly digital weekly news publication offering strong reporting,incisive commentary and analysis on politics, economics and business in Southeast Asia.It will deliver unbiased reporting on several of world’s most dynamic markets, which will come together under a regional economic community in 2015 that will boast a combined population of 600 million people and a collective gross domestic product of nearly US$2 trillion.The Edge Review team will feature several of the region’s veteran correspondents, who have been behind the indepth stories analysing developments that have shaped the region over the last three decades. In a short time The Edge Review intends to differentiate itself from other news publications in the region by offering breaking business and political exclusives and tough-to-get interviews with the region’s business and political leaders. As Southeast Asia marches to its target of creating an Asean Economic Community in 2015, Edge Review will be your window to the region and beyond.The magazine will be subscription driven and will be available in PDF for desktops and as apps for iPad and Android devices.
豌豆荚	1473482064	http://www.wandoujia.com/apps/air.com.akag.BananaStrawberrySmoothieCooking	香蕉草莓冰沙烹饪	16907499	1442505600	其它-休闲时间	NULL	1.0.1	Android 2.2.x 以上	搜狗应用市场	17000	0	0	-1	-1	-1	NULL	香蕉，草莓是一种默契的合作伙伴，你可以用它们来做饭冰沙。在游戏中，你只要需要按照提示做冰沙，你会发现这是一个简单的过程。最后，你可以与你的朋友分享你的成就。希望你能玩得开心！
豌豆荚	1473482064	http://www.wandoujia.com/apps/air.com.empiregames.cookinggirlgames	味蕾厨房	21755750	1387641600	休闲时间	NULL	1.0.2	Android 2.2.x 以上	安卓市场	430	0	0	-1	-1	-1	NULL	您的味蕾厨房，让我们享受有史以来最美味的烹饪女孩游戏！如果夏天天气太热袒露享受海滩果味小吃或推定冰淇淋狂潮，帮助准备最美味的多丽甜点或是多丽看中比萨店实习生。您可以切换咸味糕点冷却甜点
豌豆荚	1473482064	http://www.wandoujia.com/apps/air.com.pencilkids.monkeygohappyelevators2	猴子高兴地走电梯	16402021	1399824000	休闲时间	NULL	1.0.0	Android 2.2.x 以上	百度手机助手	4551	0	0	-1	-1	-1	NULL	版本：1.0.0
豌豆荚	1473482064	http://www.wandoujia.com/apps/air.com.wgn.HungerMonkeyEscape1	饥饿的猴子逃脱1	16245863	1445529600	休闲时间	NULL	1.0.0	Android 2.3 以上	小米手机助手	336	0	0	-1	-1	-1	NULL	《饥饿的猴子逃脱1》是一款刺激的猴子逃脱游戏。 饥饿的小猴子来到野外觅食，不小心被困住了，非常的无助。聪明勇敢的小朋友，你能帮助饥饿的猴子顺利逃脱吗？只需轻轻用鼠标点击屏幕中的物品，努力寻找出逃脱所需物品，最后到需要解谜的地方一一解开谜题，就能救出饥饿的猴子。但是别忘了，游戏是有时间限制的哦！加油！ 游戏特点： 1. 一款刺激的猴子逃脱游戏。 2. 仔细观察，寻找线索，解开谜题 3. 游戏内容丰富，具有挑战性。 4. 是一款适合全家一起玩的逃脱游戏。 5. 有时间限制，增加挑战难度！
豌豆荚	1473482064	http://www.wandoujia.com/apps/air.com.seerkey.xingfu.cfb	幸福财富宝	12327150	1423843200	NULL	NULL	1.0.2	Android 2.2.x 以上	百度手机助手	1430	0	0	-1	-1	-1	NULL	营销展业移动化 “幸福财富宝”作为一项全新的移动应用，将传统展业方式进行了革命性的创新，让您从此告别复杂繁多的纸质营销，一部iPhone/iPad轻松搞定。 多样功能一体化 “幸福财富宝”集产品介绍、保险责任、案例演示、利益测算、建议书制作等实用功能于一体，助您根据客户实际情况进行测算，逐年利益演示及建议书制作更能为您提供专业更具针对性的个性化服务。 界面操作形象化 “幸福财富宝”界面炫丽时尚、功能丰富全面、操作简单易用，充分满足用户需求的前提下，将设计、内容、程序有效结合，为您打造先进高端的移动展业利器。
豌豆荚	1473482064	http://www.wandoujia.com/apps/air.jp.globalgear.turu	仙鹤报恩:迷之诱惑	14044807	1396281600	全部游戏	NULL	1.0.1	Android 2.2.x 以上	Google Play	2448	2	7	-1	-1	-1	NULL	《仙鹤报恩：迷之诱惑 鶴の恩返し。この誘惑ヤバっ》这个游戏是GLOBAL GEAR, K.K.在《进化的鼹鼠》后出品的一款竖版手游。其文化背景来源于日本的一个民间故事"仙鹤报恩"。
豌豆荚	1473482064	http://www.wandoujia.com/apps/and.dev.cummins.tier4	Cummins Tier 4 Resource ...	3584067	1399996800	教育培训-休闲时间	NULL	2.0	Android 2.2.x 以上	360手机助手	761	0	0	-1	-1	-1	NULL	This smartphone application provides operators of Cummins-powered equipment a simple, easy-to-use guide to operation of their Tier 4 engine, Diesel Particulate filter (DPF) other engine dash switches. information on service intervals, customer support and engine and aftertreatment spec sheets are can also be found in this application.
豌豆荚	1473482064	http://www.wandoujia.com/apps/app.d28102014.pdftojpgconverter	PDF to JPG Converter	5768694	1423843200	NULL	NULL	1.0	Android 2.3.3 以上	应用汇	1303	0	0	-1	-1	-1	NULL	版本：1.0
豌豆荚	1473482064	http://www.wandoujia.com/apps/app.trombon.applockerpattern	App Lock - Pattern	1401872	1425657600	NULL	NULL	1.0	Android 2.3.3 以上 , 4.4 以下	360手机助手	916	0	0	-1	-1	-1	NULL	App Lock is the application you need to protect the sensitive data from your phone. With one single click you can block access to any application you want on your phone. You leave your phone wherever knowing that no friend or family member will have access to your facebook, messages, email, photos or videos.The application usage is pretty straight forward:1. Create a pattern that only you will know about it2. Select the apps you want to lock by pressing the lock icon3. Exit the app and you're done.Now anyone trying to open one of your protected apps a lock screen will show up and the pattern must be entered.Every time you install a new app a pop screen will show up asking you if you want to block the newly installed application, which makes it very convenient so you don't need to open the app lock again in order to block it.
豌豆荚	1473482064	http://www.wandoujia.com/apps/appinventor.ai_deniskdesign.ChatChat	聊天聊天	1571739	1397577600	其它	NULL	1.1	Android 1.5 以上	百度手机助手	706	0	0	-1	-1	-1	NULL	版本：1.1
豌豆荚	1473482065	http://www.wandoujia.com/apps/br.com.newcontent.tnn	TAM Nas Nuvens	4097459	1452873600	NULL	NULL	1.0.7	Android 4.0.3 以上	360手机助手	1	0	0	-1	-1	-1	NULL	Uma abordagem diferente e original dos temas de turismo, negócios, comportamento, cultura, lazer, privilegiando uma relação de proximidade e utilidade entre leitor e revista, colunistas e colaboradores consagrados.
豌豆荚	1473482065	http://www.wandoujia.com/apps/biz.pipishuzhai.zsqikkn	编辑记者考试模拟试题	2865847	1421856000	新闻阅读-电子书	NULL	2.0.7	Android 2.2.x 以上	应用宝	348	0	0	-1	-1	-1	NULL	编辑记者考试模拟试题，涵盖多年的考题，大量的作业题库，取之不尽用之不竭。一起来复习吧。
豌豆荚	1473482065	http://www.wandoujia.com/apps/bluetooth.recorder	Bluetooth Recorder Lite	51743	1350748800	其它-休闲时间	NULL	1.1	Android 2.2.x 以上	Google Play	1176	0	0	-1	-1	-1	NULL	This is an ad-supported, lite version of a yet-to-be-released Bluetooth Recorder with such planned features as: Decibel meter, countdown (instead of count-up) timer and more. Suggestions are welcome. Record audio through the microphone on your phone or through a Bluetooth device that has a microphone and is connected to your Android device. To record through a Bluetooth device, check the box that says, "Record through currently connected Bluetooth device." Make sure your Bluetooth device is connected before pressing the Record button or it won't record anything at all. Press the Record button during a recording to stop recording at which point you'll be prompted to name the file or delete the recording. Recordings are saved in MP4 format in the bluetooth.recorder folder on your sdcard. Play a recording by clicking it. Use the play/pause button to pause and continue playing at your leisure. Use the seekbar to jump around a playing track. By pressing and holding on a recording, you'll be given options to either Play the recording or Modify the recording. By selecting Modify, you can rename the recording or delete it. 这是一个尚未将要发布的蓝牙录音机的广告支持，精简版版本，这样的计划特点： 分贝仪，倒数计时器以及更多的（而不是计数）。建议，欢迎。 通过您的手机或通过蓝牙设备，有一个麦克风和连接到你的Andr​​oid设备的麦克风录制音频。 为了“通过当前连接的蓝牙设备记录。”记录通过蓝牙设备，检查，说箱子，确保您的蓝牙设备按下录制按钮之前连接，否则将无法在所有记录任何东西。 录制过程中按下录制按钮停止录制，此时系统会提示您来命名文件或删除记录。录音将保存在MP4格式在你的SD卡的文件夹bluetooth.recorder。 通过单击播放录像。使用播放/暂停按钮暂停和继续发挥在您的休闲。使用搜索栏跳跃周围正在播放的曲目。 按住上的记录，你会被给予选项，无论是播放录音或修改记录。通过选择修改，你可以重命名记录或删除它。
豌豆荚	1473482065	http://www.wandoujia.com/apps/br.com.ajatec.cantigasderodas	Cantigas de Roda	17414317	1429632000	NULL	NULL	1.2.6	Android 2.3.3 以上	应用汇	333	0	0	-1	-1	-1	NULL	版本：1.2.6
豌豆荚	1473482065	http://www.wandoujia.com/apps/ch.android.tca.world	地牢与英雄 DungeonHero	7948125	1344700800	角色扮演-休闲时间	NULL	1.0.0	Android 2.1.x 以上	Google Play	824	0	0	-1	-1	-1	NULL	Dungeon&Hero is a classic style RPG with loads of cool action. Choose from one of three characters and work your way to becoming the ultimate hero by saving the Empire from impending devastation. The characters include the dashing Knight with his sword and shield, the cunning and agile Elf with her bow and arrows or wise Wizardress with her magic spells - fight against the lurking dangers threatening the peace of the Empire. We invite you to the world of Dungeon & Hero. Find the hero inside you and save Mitheland Empire from impending death and destruction! Features Include: - 3 roles to choose from (Knight, Wizard, Elf) - Ambient sound effects - Level up of equipments - Special effects including scrolls and jewels - Variety of combo attacks and skills - Teleport feature using The Warp gate - Real time visual effects - Unique monster with red aura - Endless battle (introduced in hell mode) Dungeon&Hero is developed and published by CH Games. 地下城与英雄是一款经典风格的RPG游戏的很酷的动作负载。您可以选择三个人物之一，并用自己的方式工作，成为从即将到来的灾难拯救帝国的终极英雄。 人物包括帅气骑士用他的剑和盾，狡猾和灵活的精灵，她的弓和箭，或智者Wizardress与她的魔法 - 对潜伏的危险威胁着帝国的和平斗争。 我们邀请您来地下城与勇士的世界。寻找英雄里面你和保存Mitheland帝国从即将到来的死亡和毁灭！ 其特点包括： - 3角色可供选择（骑士，精灵，小精灵） - 环境音效 - 级设备了 - 特殊效果，包括滚动和珠宝 - 百变的组合攻击和技能 - 使用传送门瞬移功能 - 实时的视觉效果 - 独特的怪物与红色光环 - 无尽的战斗（在地狱模式中引入） 地下城与英雄的开发和CH游戏出版。
豌豆荚	1473482065	http://www.wandoujia.com/apps/cc.s31life.www	商易生活	6065932	1428076800	购物	NULL	4.2.40	Android 2.2.x 以上	应用宝	1078	0	0	-1	-1	-1	NULL	商易生活http://www.31life.cc让人民生活更美好，商易生活集商城、团购、分享于一体的综合性平台。为商家提供传统商业模式的电子商务平台。商家入驻电话：4006220031
豌豆荚	1473482065	http://www.wandoujia.com/apps/cn.com.AZfj.singss	GPS定位追踪寻人系统	1237724	1374163200	休闲时间	NULL	11	Android 2.2.x 以上	百度手机助手	134	0	0	-1	-1	-1	NULL	本软件利用全球顶尖的GPS定位技术，通过互联网进行接口调用，实现精确的手机定位追踪。...
豌豆荚	1473482065	http://www.wandoujia.com/apps/cn.com.rgmlpvjv.hrkuju.psvins	身上止疼开关一点就灵	1202149	1421683200	运动健康	NULL	1.24	Android 2.2.x 以上	应用宝	16	0	0	-1	-1	-1	NULL	身上止疼开关一点就灵 头疼、牙疼、肩疼、后背疼、痛经，生活中我们经常会遇到一些疼痛，有的与疾病有关，有的与生活习惯有关。其实人身上就有许多“止疼开关”，可以通过按压等方式，将疼痛感“关掉”。哪里疼痛按哪里，快快下载!
豌豆荚	1473482065	http://www.wandoujia.com/apps/cn.dianzhi.chargeclient.fourgrid_17179	山东汽车门户网	6622607	1457280000	NULL	NULL	1.0	Android 2.2.x 以上	安卓市场	474	0	0	-1	-1	-1	NULL	山东汽车门户网为您提供最新汽车报价,汽车图片,汽车价格大全,最精彩的汽车新闻、行情、评测、导购内容,是提供信息最快最全的山东汽车网站。
豌豆荚	1473482065	http://www.wandoujia.com/apps/cn.dianzhi.eightgrid_15434	重庆汽车配件	7215954	1431100800	NULL	NULL	1.0	Android 2.2.x 以上	安卓市场	334	0	0	-1	-1	-1	NULL	重庆汽车配件客户端是为汽车配件行业精心打造的现代化汽车配件行业电子商务网络交流平台。提供汽车配件产品供求、行业资讯等时效性高的信息。为客户群体提供信息发布、网站商铺、合作招商等核心项目，为汽车配件行业企业进行有力的宣传和推广。为广大客户提供最精准的优质服务。重庆汽车配件客户端现面向全国招商加盟，有意者请来电咨询。
豌豆荚	1473482065	http://www.wandoujia.com/apps/cn.com.goouu.www.duobao	一元玩梦	5532754	1470758400	购物-商城	NULL	1.8	Android 4.0.3 以上	安徽锐邦网络科技有限公司	175	3	0	-1	-1	-1	NULL	一元玩梦，是以众筹为目的娱乐体验。您可以花费1元，可获得众多热门商品，玩法创新，每天都有无限惊喜，欢乐多多。 【商品多多】 从豪华汽车到时尚手机，从家用电器到日用百货，从奢饰品到花费点卡，总有一样您中意的； 【简单玩法】 每件商品，最低1元，人人都有机会； 【公平公正公开】 公平：根据全站所有商品的参与记录计算幸运号码，公平：揭晓过程和计算方式透明可查，公开；
豌豆荚	1473482065	http://www.wandoujia.com/apps/cn.dooone.flashlight	贴心手电筒	1679158	1438099200	生活实用工具-手电筒	NULL	1.3.0	Android 2.3.3 以上	杭州动玩科技有限公司	8354	1	8	-1	-1	-1	NULL	贴心手电筒比系统自带更强大、更舒适、更温馨，更有指南针、来电闪光等个性小工具锦上添花！是安卓用户居家旅行必备首选！ 特点 【方便】一键瞬间启动，操控自由自在； 【全真】完全模拟真实手电筒按键操控； 【浮标】任意时刻想开就开，想关就关； 【个性】超漂亮迷你手电筒，时尚大方； 【加亮】超高亮灯光，让双眼不在迷失；
豌豆荚	1473482065	http://www.wandoujia.com/apps/cn.freeyard	帮您看化验单	25094822	1372176000	其它	NULL	1.0	Android 2.2.x 以上	搜狗应用市场	1793	1	1	-1	-1	-1	NULL	1.查询医疗详细信息 2.语音搜索医疗信息 3.拍照识别病例信息 4.智能搜索医疗种类
豌豆荚	1473482065	http://www.wandoujia.com/apps/cn.dianzhi.eightgrid_17764	贵州办公用品设备网	7061697	1459872000	NULL	NULL	1.0	Android 3.0.x 以上	安卓市场	312	0	0	-1	-1	-1	NULL	贵州办公用品设备网是集办公设备、办公耗材、学习用品，办公家具等为一体的办公设备行业手机门户平台。贵州办公用品设备网，专业的办公用品行业手机门户平台。
豌豆荚	1473482065	http://www.wandoujia.com/apps/cn.ieth.shanshi	闪视	19078634	1435420800	视频	NULL	1.2.2	Android 4.0 以上	应用宝	1902	0	0	-1	-1	-1	NULL	闪视，用照片讲述生活。 在闪视，你可以用多张照片来讲述一个精彩的故事，还可以添加音乐、文字水印、滤镜等来加工作品。
豌豆荚	1473482066	http://www.wandoujia.com/apps/cn.lingdongtech.solly.nmg	内蒙古自治区人民政府	2572325	1447776000	新闻阅读-新闻·资讯	NULL	3.0.2	Android 4.0.3 以上	应用宝	766	0	0	-1	-1	-1	NULL	本app受内蒙古自治区人民政府办公厅委托，由内蒙古凌动信息技术有限公司进行制作。本app主要用于内蒙古自治区人民政府资讯、政策、公告等信息的发布，以便使用安卓设备的市民能够及时了解内蒙古自治区最新信息。
豌豆荚	1473482066	http://www.wandoujia.com/apps/cn.sx.decentworld	大腕	25750443	1471276800	NULL	NULL	1.4.3	Android 2.3 以上	小米手机助手	1182	0	0	-1	-1	-1	NULL	《高端人物的逻辑》 对认证男性的要求资产不低于500万人民币或学历为博士！ 2015年被乌拉MPY评选为全球最佳有偿交互软件； 以尊重女性为宗旨（避免打扰），极适合商务精英（包括富二代）找到伙伴； 目前越来越多的商界、政界、文娱界精英加入大腕APP 基本规则： 1，每人进入默认身价为1，可调整； 2，陌生人前三句免费，之后对方说话，按照自己身价获得费用； 3，加为朋友后，对方说话，则按照对方身价获得费用； 4，去掉头像的疑，用户自主投票；变成大腕，公司严格审核； 5，写好人物志，主动一点，在线下能力越大的人，在线上的收入会非常多； 公司：圣贤御品堂 用户交流群：494259390
豌豆荚	1473482066	http://www.wandoujia.com/apps/cn.sun3d.shCultureCloud	文化上海云	6413806	1399219200	其它-生活实用工具	NULL	1.0	Android 2.2.x 以上	百度手机助手	848	0	0	-1	-1	-1	NULL	版本：1.0
豌豆荚	1473482066	http://www.wandoujia.com/apps/cn.yayi365.doctor	牙艺医生版	17456720	1471622400	运动健康-健康	NULL	1.0	Android 4.1 以上	杭州医谷科技有限公司	214	0	0	-1	-1	-1	NULL	牙艺医生是一款专为牙医服务的手机软件，界面简洁，操作简单。软件提供了患者预约、统计、收费、营销等基本功能和自由执业这类特色功能，帮助医生提升个人价值和收入的平台。
豌豆荚	1473482066	http://www.wandoujia.com/apps/cn.tianyuan.app	银智宝	4354151	1402848000	其它-金融理财	NULL	1.2.3	Android 2.2.x 以上	百度手机助手	2964	1	0	-1	-1	-1	NULL	1、*时间掌握贵金属*行情。2、*时间掌握*财经资讯。3、今日策略功能能让你得到更*的分析，使自己的利润*化。4、分享、客服功能可以随时随地解决你的问题。 以上描述中存在违反广告法的内容，自动用*代替
豌豆荚	1473482066	http://www.wandoujia.com/apps/com.ApplicationNexus.MadridTravelGuide	Madrid Travel Guide	37182662	1430582400	NULL	NULL	1.0.1	Android 3.2 以上	360手机助手	1482	0	0	-1	-1	-1	NULL	With detailed information of around 15 museums, 10 Parks and 20 featured attractions along with 1000s of other Points of Interest carefully integrated with every single travel activity, Madrid Travel - Pangea Guides is power packed with utilities and information. From Facebook Check-Ins to local event information, offline map to intuitive Augmented Reality experience, we have brought most of the travel activities and application needs to one single app. Save precious travel time rather than switching between several apps and utilities!• Practical travel guide with detailed information like attractions, getting around for each district of Madrid City.• Travel utilities like hotel booking, currency converter, weather forecast, world clocks, reminder, alarm and many more available within the app.• Intuitive, easy-to-use one tap pane interface with tight social network integration for Check-Ins, photo sharing and places review.• Just one app for all your devices with dedicated UI and data sync capabilities.• Plan your itinerary and port your activity data between different devices and social network using our pangeaguides.com website. • Community sharing experience for your photos, reviews and travel memories with your friends and other fellow travelers.Premium features of Madrid Travel Guide bring exclusive travel utilities that reduce travel planning hassles and make the experience fun and memorable. Premium features consists of -• A next generation modern marvel Augmented Reality experience that brings surrounded by wonders feeling.• Search for cafes, restaurants, theatres and even hospitals with carefully organized location data. Find more than 1000 Points of Interest around you and get directions to places of your interest.• Extremely detailed Madrid offline map for no connectivity areas or internet availability (Connection required on first time use).• Comprehensive set of utilities and tools that will help you plan your trip. Organize checklist, send postcards, bringing a collection of useful travel apps within a single app.• Discover people, places and culture with information about upcoming local events.Designed and developed by the travelers, for the travelers that works in all parallel universe!
豌豆荚	1473482066	http://www.wandoujia.com/apps/com.Army.Truck.TraClash	3D我的军用卡车	55570974	1440691200	体育格斗	NULL	1.2.5	Android 2.3 以上	小米手机助手	140	0	0	-1	-1	-1	NULL	3D我的军用卡车是一款非常好玩的模拟驾驶游戏，你将拥有了一个非常大的汽车，几乎无敌的汽车！你在游戏中可以无视交通，追击敌人！你按照绿色的箭头完成规定的任务，当然你可以撞击其他小汽车，但是碰撞的次数有限，所以你尽量不要碰撞，你需要在规定时间内完成该关卡规定的任务，来冒险吧！
豌豆荚	1473482066	http://www.wandoujia.com/apps/com.Company.yun1234	AR拇指姑娘	51353420	1432310400	NULL	NULL	1.0	Android 4.0 以上	百度手机助手	235	0	0	-1	-1	-1	NULL	《不一样的拇指姑娘》采用最新的AR(AUGMENT REALITY)现实增强技术，结合精心制作的卡通三维场景、逼真有趣的动画进行虚实结合的故事演绎，让孩子进入“现实”的童话世界中，享受最新科技带来的前所未有的玩乐体验。
豌豆荚	1473482066	http://www.wandoujia.com/apps/com.HangmanCreator	智力游戏	472254	1349712000	休闲时间-经营策略	NULL	3.5	Android 1.1 以上	Google Play	1676	0	0	-1	-1	-1	NULL	这是一个免费的版本，它包含50个智力游戏，尽情玩吧，并且它是免费的。这个应用程序完全只使用HTML/ CSS/ JavaScript来编写的，用PhoneGap编译为自带的安卓应用程序近期的更改：修订了等级，图形。
豌豆荚	1473482066	http://www.wandoujia.com/apps/com.DomainPriceMonitor.App	Domain Coupons by DPM	324687	1348243200	NULL	NULL	0.3	Android 1.6 以上	Google Play	258	0	0	-1	-1	-1	NULL	版本：0.3
豌豆荚	1473482066	http://www.wandoujia.com/apps/com.Dsideal.xuanchuance	娄海滨工作室	321651943	1462982400	NULL	NULL	1.0	Android 2.3 以上	应用宝	174	0	0	-1	-1	-1	NULL	娄海滨工作室是基于AR增强现实技术，结合目前已制作完成的配套立体教材而研发的一款app。通过app可以对指定的教材图册中的识别图进行扫描、识别出其中视频资源，供使用者学习。 使用方法： 1.下载并安装app。 2.打开app时会弹出提示“是否允许调用摄像头”选择允许（否则默认会不调用摄像头而导致黑屏）。 3.将手机摄像头对准二维码识别图，识别观看视频
豌豆荚	1473482066	http://www.wandoujia.com/apps/com.OneOrEight.TekuTekuYuusha	てくてく勇者	44603697	1395849600	角色扮演	NULL	1.0.6	Android 4.0 以上	当乐网	2829	0	0	-1	-1	-1	NULL	新感覚！！　见守り系RPG『てくてく勇者』诞生！ 打倒魔王を目指してかわいい勇者が大冒険！ 君もLet'sてくてく！！ ■ゲームの特徴 プレイヤーは勇者の装备を选び、冒険へ送り出します。 そして暖かい目で冒険を见守ります。 冒険に出発した勇者は、ひたすら魔王の城に向かって歩きます。 その歩みを优しい目で见守ります！ 　 冒険の途中でモンスターと遭遇、立ち向かう勇者。 そこで期待を込めて见守ります！！ ときには强敌に败れてしまい、お城へ逃げ帰ってしまう勇者。 プレイヤーは再び装备を选び冒険へと旅立たせ…见守ります。 　 プレイヤーは勇者の成长をひたすら眺め见守ります！ そして魔王を倒す瞬间を见届ける、そんな见守り系RPGです。 ■操作 ・操作は简単、バトルの前に各种装备をセットしたらあとは送り出して见守るだけ ■こんな人にオススメ ・ゲームをしながら、ネットをしながらプレイしたい方 ・频繁に画面を操作することがめんどうな方 ・デスクワーク中に携帯を充电している方 --------------------------------------------------------------------------------------------------- 〇公式HP 　http://one-or-eight.co.jp/teku2/ 〇youtube 　https://www.youtube.com/watch?v=BVLrV7034eA&feature=youtu.be 　http://www.youtube.com/watch?v=uJQLvfgbQlY ■レビューして顶きました！ 〇アンドロイダー 　https://androider.jp/official/app/0f0d8534a35c3176/ 〇アプリゲット 　http://appget.com/appli/view/64052 〇Appliv 　http://android.app-liv.jp/001046178/ 　 新感觉！ ！诞生“勇敢TEKU TEKU”的RPG系统观看！ 与推翻撒旦的目的可爱的英雄大冒险！ 您也TEKU TEKU咱们！ ！ ■游戏特点   要选择勇敢的设备，并将其发送出去冒险的玩家。   我看有温暖的眼睛冒险。   勇敢的你不妨冒险，一起走向撒旦城堡认真。   我将与温柔的眼神他的脚步观看！   遇到怪物在冒险的中间，勇敢的去面对。   在那里你希望看它！ ！   勇敢的你会失去了可怕的敌人有时，所得逃离城堡。   允许Tabidata冒险再次选择装备......玩家观看。   玩家在游戏中将逼视看着勇敢的成长！   然后见证了片刻打败魔鬼，就是这样一个角色扮演系统的手表。 ■操作   和操作只能观看并发出，其余一旦你设置对战的各种设备之前，操作简单， ■推荐用于这样的人    - 如果你一边玩游戏，你要玩，而纯   •操作画面频繁更麻烦   ·您在您的手机桌面工作充电过程中，1 -------------------------------------------------- ------------------------------------------------- 是惠普官方 http://one-or-eight.co.jp/teku2/ 是YouTube的 https://www.youtube.com/watch?v=BVLrV7034eA&feature=youtu.be http://www.youtube.com/watch?v=uJQLvfgbQlY ■有人问我检讨！ 是雄激素Idah https://androider.jp/official/app/0f0d8534a35c3176/ 是让应用进程 http://appget.com/appli/view/64052 是Appliv http://android.app-liv.jp/001046178/
豌豆荚	1473482066	http://www.wandoujia.com/apps/com.Thegrabredartifact	财神抢红包神器	1650397	1467043200	NULL	NULL	1.2	Android 4.1 以上	OPPO软件商店	126	0	0	-1	-1	-1	NULL	财神抢红包神器是一款基于网络进行优化，达到红包秒抢的功能。自定义回复，让你防止被群主清理。软件为工具性产品没有任何广告，只为更好让你先人一步。目前是功能最简单速度最快的抢红包利器，无人值守秒杀微信红包
豌豆荚	1473482066	http://www.wandoujia.com/apps/com.StartAndUninstall	安卓卸载大师	1851405	1390147200	系统工具	NULL	6.8.4	Android 2.1.x 以上	安卓市场	27000	0	2	-1	-1	-1	NULL	版本：6.8.4
豌豆荚	1473482067	http://www.wandoujia.com/apps/com.RichLife.fastcapturecam	快速捕捉相机	333629	1390320000	图像	NULL	4	Android 2.2.x 以上	安卓市场	1793	0	0	-1	-1	-1	NULL	你有过完美的镜头，但错过了，因为你不能加载你的相机。嗯，这是您的完美应用。快速捕捉相机LTE几乎做什么，它听起来像，它捕捉完美的画面，你甚至可以装入手机的摄像头前。
豌豆荚	1473482067	http://www.wandoujia.com/apps/com.TingShuGuodegangwfvi.josxy	郭德纲2014最新高清相声	3426956	1404144000	NULL	NULL	205.2	Android 2.1.x 以上	OPPO软件商店	602	0	0	-1	-1	-1	NULL	郭德纲2014最爆笑相声集中营，不听郭德纲？皇上，臣妾做不到啊！* 德云社郭德纲相声，最新的相声曲目，小编精心挑选* 每天上下班途中必备，听一听郭德纲，激发您的上班兴趣，舒缓您的工作压力。* 离线下载，无需流量，无需任何费用* 在线听！下载听！边走边听！想怎么听都行！最清晰的音质，持续更新的最新郭德纲相声；收听郭德纲相声,这款软件是您的不二选择。持续更新中…
豌豆荚	1473482067	http://www.wandoujia.com/apps/com.ZealousDreams.FNAGS	祖母的五夜	25743598	1439308800	动作射击-跑酷竞速	恐怖-恋爱-后宫-争斗-类似宫爆老奶奶	1.0.3	Android 3.0.x 以上	OPPO软件商店	256	0	0	-1	-1	-1	NULL	Little Po is forced to stay over granny's for five nights while his mom goes on a business trip. Little does he know that granny is a little demented and seems to be a different person past midnight. A dark presence has haunted the house for years and strange things happen to occur in the home only when children are present. Survive each night, until mother comes back! Be part of the development for the upcoming release. Leave feedback and suggestions. All is welcomed! zealousdreamsco@gmail.com 小蒲被强制留在奶奶的五夜，而他的妈妈去出差了。他一点也不知道，奶奶是有点疯狂，似乎是一个不同的人过了午夜。一个黑暗的存在一直困扰着房子多年，奇怪的事情发生发生在只有当孩子出现在家里​​。生存，每天晚上，直到妈妈回来！ 是发展为即将发布的一部分。留下意见和建议。所有的欢迎！ zealousdreamsco@gmail.com
豌豆荚	1473482067	http://www.wandoujia.com/apps/com.VAMflax.ChopperMike	直升机麦克:Chopper Mike	22411078	1369670400	跑酷竞速-飞机-益智	NULL	1.01	Android 2.3 以上	当乐网	57000	28	33	-1	-1	-1	画面清新艳丽的 3D 卡通风格飞行游戏，玩家要操纵直升机的起降收集空间中的宝石，难度不小需要耐心。	“It controls just so perfectly..”, IGN. Chopper Mike is a challenging, fast-paced, arcade helicopter time trial game featuring super smooth graphics and amazing controls. Don't be fooled by the charming graphics, this game will test you to the limit! Have you got what it takes to beat Expert Mode? Fly through 3 difficulty modes and 48 levels, picking up gems, avoiding collisions, and landing as quickly as you can! Skillful play will be rewarded with mysterious bonus aircraft! Complete the levels, beat the target times, then replay to beat your best times! - - - - - - - Chopper Mike supports phones and tablets! - - - - - - - Playing tips. * Start off in the Rookie 1000, but as soon as you get to grips with the controls, switch up to the Red Squirrel for greater speed and agility! * Each difficulty has different levels. Once you master the Easy difficulty, move on to Normal. * Fast Stars are hard to earn in Normal and very hard in Expert. Try getting the Perfect Stars first, you can go as slowly as you want - just don't hit anything. With all the Perfect Stars from Easy and Normal you'll unlock a faster chopper that will help you beat them, (although they are all beatable in the Red Squirrel). * Try to find the 'racing line' in a level. Turn before you get to the gems so you're already aiming for the next one as you collect the first. * Try using the Rookie 1000 to earn Perfect Stars in later levels. You won't beat the Target Times, but Perfect Stars are about clearing the level without bumping into things! - - - - - - - Note 1: Chopper Mike is designed to run at 60 frames per second, and features complicated graphics shaders. As such it requires a moderately powerful device to run at its best. Chopper Mike runs well on a Samsung Galaxy S2, Google-Asus Nexus 7, and ASUS Transformer Pad TF300T. Note 2: For best presentation, Chopper Mike requires a minimum screen height of around 448 pixels, (when in landscape orientation). 控制如此完美......“，IGN。 斩波迈克是一个具有挑战性的，快节奏的街机直升机计时游戏，超流畅的图形和惊人的控制。 不要被愚弄由迷人的显卡，这个游戏将测试你的极限！你有什么需要击败专家模式？ 飞通过3个难度模式和48级，拿起宝石，避免碰撞，登陆，你可以迅速！熟练的打法会得到回报神秘奖金飞机！ 完成的水平，击败的目标时间，然后重新打败你的最好成绩！ ------- 斩波麦克支持手机和平板电脑！ ------- 演奏技巧。 *开始在新秀1000，但只要你得到正视与控制，切换到红松鼠更大的速度和敏捷！ *每个难度有不同的层次。一旦你掌握了简单难度，正常移动。 *快速的明星们很难在正常和非常努力赚取专家。尝试首先得到完美的星，你可以去慢慢地，只要你想 - 只是没有撞到任何东西。容易和正常的所有​​完美的明星，你会解开一个更快的菜刀，将帮助你打败他们，（虽然他们都是不可战胜的红松鼠）。 *尝试找到“赛车线”的水平。打开之前，你得到的宝石，所以你已经为下一个目标，为您收集第一。 *尝试使用新秀1000，在以后的水平，以获得完美的星级。你不会打目标的时代，但完美的星级有关清除没有撞到东西！ ------- 注1：斩波迈克被设计为运行在每秒60帧，并具有复杂的图形着色器。因此，它需要一个适度强大的设备处于最佳运行。斩波麦克以及运行在三星Galaxy S2，谷歌，华硕的Nexus 7和华硕Transformer TF300T垫。 注2：为了获得最佳的演示中，砍刀迈克需要屏幕的最低高度为448像素左右，（横向）。
豌豆荚	1473482067	http://www.wandoujia.com/apps/com.actonglobal.rocketskates.app	火箭鞋	14800382	1447948800	运动健康-运动·健身	NULL	1.1.0	Android 4.3 以上	阿克顿（常州）智能科技有限公司	1642	0	0	-1	-1	-1	NULL	ACTON火箭鞋是一款装有电机并且可穿戴在脚上的智能代步工具。火箭鞋手机客户端可以连接到您的火箭鞋。您可以在客户端监控火箭鞋的运行。同时，还可以进行路线图绘制、滑行诊断、查看电池状态、地理游戏和社交互动；该客户端也可以让您与其他火箭侠取得联系。
豌豆荚	1473482067	http://www.wandoujia.com/apps/com.acgera.gtnx.zimon	高藤女校	16494615	1439136000	动作射击	Q版-对战-日系-无限金币-日漫	1.1.2	Android 2.3 以上	当乐网	132	0	0	-1	-1	-1	NULL	米娜桑！2015最好玩的日式射击无节操手游！来了！游戏作为女校都市背景的射击类游戏，有着多样化的关卡，各种萌系妹子，性格各异的可爱猫娘陪你作战，发动你的智慧，召集你的小伙伴们快去踏上奇幻的旅程吧，欧尼酱们还等什么！人家已经等不及啦(。・`ω´・)
豌豆荚	1473482067	http://www.wandoujia.com/apps/com.adigitaltree.interpreter	语音口译 - 翻译	1443874	1408809600	其它-旅游出行	NULL	3.8	Android 1.6 以上	应用汇	1541	0	0	-1	-1	-1	NULL	版本：3.8
豌豆荚	1473482067	http://www.wandoujia.com/apps/com.aheading.news.ninghairb	中国宁海	6263929	1410969600	新闻阅读-新闻·资讯	NULL	2.8.1	Android 2.2.x 以上	杭州前方信息技术有限公司	742	0	0	-1	-1	-1	NULL	“中国宁海”是一款面向智能手机用户的宁海本地客户端应用。 1、特色内容，及时更新。第一时间向广大用户传递本地热点新闻，全力打造宁海本地权威的新闻及生活资讯服务平台； 2、原汁原味的呈现给用户，随时随地浏览本地信息，并可登录报料； 3、本地美景尽收眼底； 4、商业活动、打折促销、房屋出租、招聘求职、征婚交友等资讯发布，商讯信息一览无余。 5、随时随地找美食、酒店、休闲娱乐等商家·提供商户电话、地址地图、客观点评等信息
豌豆荚	1473482067	http://www.wandoujia.com/apps/com.adroidzstrone.flightdirectorcb	空中管制员	3052000	1356710400	跑酷竞速	NULL	2.01	Android 1.6 以上	百度手机助手	671	0	0	-1	-1	-1	NULL	比较好玩的一款游戏,并不是模拟飞行游戏,而是一个模拟经营游戏.你需要化身为一名机场指挥员,指挥所有的飞机的降落路线,以避免它与其他飞机发生撞击事故,直升机,客机,水上飞机分别有不同的降落区域,通过点击拖画出降落线路即可,同时要保证空中的飞机不会相撞,否则就GameOvr了!该游戏有三种难度等级(简单,中等,困难)可供玩家选择,并有7种不同的实景地图可供选择.游戏不仅画质精美,布局合理,对玩家的脑力更是一大考验.想不想测测你的指挥能力??你是不是有当领导的料!!!
豌豆荚	1473482067	http://www.wandoujia.com/apps/com.aheading.news.yichengrb	掌上翼城	7242136	1401984000	生活服务	NULL	2.6.0	Android 2.2.x 以上	百度手机助手	443	0	0	-1	-1	-1	NULL	"掌上翼城"是一款面向智能手机用户的【翼城】本地客户端应用。 1、特色内容，及时更新。第一时间向广大用户传递本地热点新闻，全力打造【翼城】本地权威的新闻及生活资讯服务平台； 2、原汁原味的呈现给用户，随时随地浏览本地信息，并可登录报料； 3、本地美景尽收眼底； 4、商业活动、打折促销、房屋出租、招聘求职、征婚交友等资讯发布，商讯信息一览无余。 5、随时随地找美食、酒店、休闲娱乐等商家·提供商户电话、地址地图、客观点评等信息。
豌豆荚	1473482067	http://www.wandoujia.com/apps/com.airwen.happyanswer	开心问答	3408264	1435852800	扑克棋牌-休闲时间	NULL	2.1 version	Android 4.0 以上	Google Play	1948	0	0	-1	-1	-1	NULL	1、日常生活的内容丰富、可以了解中国文化及社会。 2、可以立即知晓答案、答题后立即判定。 3、答题升级，答对的越多，升级越快。 4、消磨时光还益智，强化大脑。 5、支持中文、英文操作。 更新 1、更新UI，分类、答题计时 2、进行了优化
豌豆荚	1473482067	http://www.wandoujia.com/apps/com.aishion.tzhuantzzq	躺着赚钱	2261940	1461772800	NULL	NULL	1.6.1	Android 2.3 以上	360手机助手	7174	10	1	-1	-1	-1	NULL	躺着.赚钱.，一款让你找兼职找工作做任务，轻松.手机赚钱.的软件。 碎片时间，轻松手机赚钱。 随时提现，可用支付宝、微信、话费、Q币等提现。     想用.手机赚钱.时，打开躺着.赚钱，各种.赚钱.的差事就在您的身边； 躺着赚钱.适合想.手机赚钱.的学生、白领、家庭主妇； 兼职.临时工.实习.赚钱.找工作这里应有尽有！ 与.58同城.赶集网.享推.学生赚.米赚..蛋蛋赚.不同的，躺着赚钱的.赚钱.信息通过渠道把控，人工审核，用户投诉，另外躺着赚钱与.支付宝.中国移动.中国联通.微信合作，提现到账都有保障。      对于.求职.用户，躺着.赚钱.能够智能化的根据.大学生.的习惯匹配可能感兴趣的.赚钱类型，同时基于LBS网络技术推荐附近的赚钱功能，用户可以就近寻找自己喜欢的网络兼职。      亲，如果你还在.锁屏.的应用上赚点.零用钱，在.微信.上抢点小.红包，或者在.微店.上赚不到钱的话，可以来躺着.赚钱.捞桶金，从此妈妈不再担心我的话费和零食费！ 躺着-赚钱-的新用户，将获得新手.红包；
豌豆荚	1473482067	http://www.wandoujia.com/apps/com.aiyimei.meitu	美兔儿	21851396	1470240000	生活服务-美甲·美容	NULL	2.2.8	Android 2.3.3 以上	北京晟程网络科技股份有限公司	3572	0	0	-1	-1	-1	NULL	“美兔儿”是中国最专业、最贴心的移动互联网美容服务平台，由一群漂亮的美容专家和另外一群执着的互联网狂人共同打造。 美兔儿于2016年初上线，在很短的时间内积聚了大量的人气，入驻商家、注册人数、平台流量和交易金额都创造了行业之最。 美兔儿有成熟而强大的在线商城功能，可以帮助美容院把线下的产品和服务项目以及各类促销活动搬到网上去，从而让顾客可以很方便地进行查找、比较和评价，进而给美容院拓客引流，带来生意。 美兔儿郑重向加盟的商户承诺：交易安全、结算快速、技术支持和合作共赢！美兔儿努力成为美容院老板娘的贴心顾问和得力助手！ 来吧！美兔儿欢迎你！
豌豆荚	1473482067	http://www.wandoujia.com/apps/com.alexd.documentary	纪录片	503070	1379520000	其它	NULL	1.0	Android 2.2.x 以上	安卓市场	494	0	0	-1	-1	-1	NULL	您的手机或平板电脑上直接观看您喜爱的纪录片。我们是不负责的内容，我们只是呈现出不同的纪录片分类列表。
豌豆荚	1473482067	http://www.wandoujia.com/apps/com.android.acehk.ebook.ebb20140624162236115	佛说做事的道理	3018539	1406476800	新闻阅读-电子书	NULL	Uni1.01	Android 1.6 以上	南京中兴技术软件有限公司	581	0	0	-1	-1	-1	NULL	在闹市的尘嚣下，芸芸众生中的你、我、他，辛苦地工作，辗转奔波，如同被鞭绳掌控的陀螺，疲于旋转。在片刻的闲暇时光里，你是否会思考——我们当以什么样的准则去做事，才能更完善地体现出自己的价值，才能让自己的人生得到圆满？人生在世，离不开做事。一个人做事的态度与作风，不仅彰显其人格，亦影响其未来的前途和发展。我们既然来到世上，就必须审慎考量做事的准则，才不会枉费此生。
豌豆荚	1473482067	http://www.wandoujia.com/apps/com.androidapplite.led.flashlight.torch	LED Flashlight Energy Saving	1754770	1423238400	NULL	NULL	1.0	Android 2.2.x 以上	应用汇	953	0	0	-1	-1	-1	NULL	LED Flashlight Energy Saving app The fastest startup super smart flashlight light app with Smart Camera Flash LED technology for your Android device. Easy to use: interfaces have been designed with great attention to user experience to make them user friendly. Powerful and bright: the use of the flash of the camera allows the issuance of a powerful LED light extremely bright * The Flashlight you will never forget to bring when in need! * The brightest, fastest, and most handy LED flashlight! * With the most elegant design and the fastest startup Features : • using your smartphone's sensors in an intelligent way the battery usage is minimized • Flash LED : low battery consumption due to optimized algorithms for energy saving • Intuitive and elegant UI design • Use the cam LED light! • The brightest illuminator ever • Fastest startup flashlight
豌豆荚	1473482068	http://www.wandoujia.com/apps/com.android.scsd.enterprise8B51A0538BA74DD784E5C1D5797867DC	西南建筑装饰	2765665	1402761600	其它	NULL	1.1	Android 2.1.x 以上	百度手机助手	1012	0	0	-1	-1	-1	NULL	西南建筑装饰是一家集室内外设计、预算、施工、材料于一体的专业化装饰公司。公司从事装饰装修行业多年，有着创新的设计、合理的报价，还有一批独立的专业化的施工队伍，确保施工绿色环保，安全文明。
豌豆荚	1473482068	http://www.wandoujia.com/apps/com.android.yi.zhongguosouzhiwan	中国搜职网	1516312	1387468800	其它	NULL	1.0	Android 2.2.x 以上	应用宝	959	0	0	-1	-1	-1	NULL	中国搜职网手机平台是国内领先移动互联网手机应用。为您提供精选的行业的产品以及价格，提供最新的新闻资讯、供应商。 同时在线交友，与五湖四海的同行生意伙伴保持密切联系。 只要登陆客户端你就能及时的浏览行业信息，生意快捷又方便。平台为行业企业在瞬息万变的商海中搭建了全新、快捷、稳定的沟通平台。同时，也为企业在移动互联网行业中树立形象，拓展最新的经营渠道，扩大企业对外交流，开展电子商务合作。该平台热忱欢迎广大商界人士和各界朋友共同创展。 通过该平台您可以： 1.阅读到最新的行业新闻资讯及动态。 2.查看全国行业的产品情况。 3.搜索供应商或产品，并在线及时沟通互动、收藏等，拨打商家电话只收取正常通话费，不额外收费。 4.在线交友，与五湖四海的同行业生意伙伴保持密切联系。
豌豆荚	1473482068	http://www.wandoujia.com/apps/com.anniegame.mountainmoto3d	3D摩托车大冒险	3377874	1438272000	体育格斗-其它	NULL	1.5	Android 1.6 以上	搜狗应用市场	1749	0	0	-1	-1	-1	NULL	精美的游戏画面，带给您舒适的游戏体验；方便快捷的操作按钮，想怎么玩就怎么玩；N多无限关卡，带给您畅玩的乐趣！在游戏过程中，可以吸收钻石等礼物，记得不要掉下山去，或者向下翻转车身，否则就会失败哦！非常的好玩，赶快下载试试吧！
豌豆荚	1473482068	http://www.wandoujia.com/apps/com.andromo.dev257169.app258646	Kids Rhymes Videos - Nursery	2389741	1423497600	NULL	NULL	1.0	Android 2.1.x 以上	应用汇	211	0	0	-1	-1	-1	NULL	Kids Rhymes Videos AppsThere is a collection of all popular nursery rhymes to watch just Install the Kids Rhymes Apps the better way to learning Rhymes for your loving kids, The Kids Rhymes Videos Apps Contains more than 20 Popular Rhymes for nursery kidsRing a Ring a RosesNursery Rhymes Vol1Wheels Of The Bus Go RoundRow, Row, Row Your Boat - Nursery RhymesRain, Rain, Go awayOld MacDonald had a farm - Nursery RhymesHickory Dickory Dock from Super Simple SongsBaa Baa Black SheepClap Your HandsThe Finger Family (Daddy Finger)My, Cosy, KitchenHumpty Dumpty - 3D Animation English Nursery Rhyme songs For Children with LyricsKiddy Moon Songs: Finger familyIf You Are Happy Ten In The Bed from Super Simple SongsFive Little Monkeys Jumping on the BedJohny Johny Yes Papa, Jack And JillNursery Rhymes Collection - Rhyme With Us!Collection of Thirty RhymesEarly to Bed Early to Rise - 3D AnimationJingle Bells Christmas SongDISCLAIMER : All the rights and Copyright are reserved to the owner and we only get it from public domain free. If any copyright or violation of policies in this app then mail us.tag:-children, educational, games, kids, kids story, story books, bedtime stories, classic stories, folk stories, toddler books, Toddlers, Children Stories, Kids Story book, Free For Kids,preschool books, nursery school books, kindergarten books, fairy tales and picture books,panchatantra stories,moral stories,audio books,kids story books .Experience the century old rhyme, Twinkle twinkle little star, in an inspiring new way. Indulge on the myriad of breathtaking colors, pleasing animations, creatively narrated and melodiously sung rhymes & crisp images forged into this kiddish app,Baa Baa black Sheep, Animation rhymes, nursery rhymes for kids, kids rhymes, kids top rhymes, rhyme, rhymes for kids, kids nursery rhyme, top kids rhymes, basic rhymes, simple rhymes for children, child rhymes, school rhymes, kids education, kids songs, baby songs, baby rhymes, baby, nursery kids songs 0 to 5 years kids rhymes, top rated kids app, most popular kids rhymes, popular kids rhymes, kids videos, kids rhymes videos, videos for kids, kids rhymes collection, rhymes, baby nursery rhymes, pre school rhymes, kids free rhymes, free rhymes for kids, free rhymes, baby songs, childhood, children songs, children, babies, songs, music, family, educational songs, famous kids songs, children songs, kids play, famous kids rhymes, pre school rhymes, nursery rhymes,Johnny Johnny; Johnny Nursery Rhymes; Johny Yes Papa Poem; Johnny Johnny Yes Papa Lyrics; Johnny Johnny Yes Papa Poem; Johny Yes Papa Rhymes; Jonny Yes Papa Song; Johnny Johnny ,kahani,poems.There is a collection of all popular nursery rhymes to watch just Install the Kids Rhymes Apps the better way to learning Rhymes for your loving kids, The Kids Rhymes Videos Apps Contains more than 20 Popular Rhymes for nursery kidsRing a Ring a RosesNursery Rhymes Vol1Wheels Of The Bus Go RoundRow, Row, Row Your Boat - Nursery RhymesRain, Rain, Go awayOld MacDonald had a farm - Nursery RhymesHickory Dickory Dock from Super Simple SongsBaa Baa Black SheepClap Your HandsThe Finger Family (Daddy Finger)My, Cosy, KitchenHumpty Dumpty - 3D Animation English Nursery Rhyme songs For Children with LyricsKiddy Moon Songs: Finger familyIf You Are Happy Ten In The Bed from Super Simple SongsFive Little Monkeys Jumping on the BedJohny Johny Yes Papa, Jack And JillNursery Rhymes Collection - Rhyme With Us!Collection of Thirty RhymesEarly to Bed Early to Rise - 3D AnimationJingle Bells Christmas SongDISCLAIMER : All the rights and Copyright are reserved to the owner and we only get it from public domain free. If any copyright or violation of policies in this app then mail us.tag:-children, educational, games, kids, kids story, story books, bedtime stories, classic stories, folk stories, toddler books, Toddlers, Children Stories, Kids Story book, Free For Kids,preschool books, nursery school books, kindergarten books, fairy tales and picture books,panchatantra stories,moral stories,audio books,kids story books .Experience the century old rhyme, Twinkle twinkle little star, in an inspiring new way. Indulge on the myriad of breathtaking colors, pleasing animations, creatively narrated and melodiously sung rhymes & crisp images forged into this kiddish app,Baa Baa black Sheep, Animation rhymes, nursery rhymes for kids, kids rhymes, kids top rhymes, rhyme, rhymes for kids, kids nursery rhyme, top kids rhymes, basic rhymes, simple rhymes for children, child rhymes, school rhymes, kids education, kids songs, baby songs, baby rhymes, baby, nursery kids songs 0 to 5 years kids rhymes, top rated kids app, most popular kids rhymes, popular kids rhymes, kids videos, kids rhymes videos, videos for kids, kids rhymes collection, rhymes, baby nursery rhymes, pre school rhymes, kids free rhymes, free rhymes for kids, free rhymes, baby songs, childhood, children songs, children, babies, songs, music, family, educational songs, famous kids songs, children songs, kids play, famous kids rhymes, pre school rhymes, nursery rhymes,Johnny Johnny; Johnny Nursery Rhymes; Johny Yes Papa Poem; Johnny Johnny Yes Papa Lyrics; Johnny Johnny Yes Papa Poem; Johny Yes Papa Rhymes; Jonny Yes Papa Song; Johnny Johnny ,kahani,poems.
豌豆荚	1473482068	http://www.wandoujia.com/apps/com.apicloud.A6999837360922	国际日报网	3165898	1446566400	新闻阅读-新闻·资讯	NULL	0.0.1	Android 2.3 以上	应用宝	539	0	0	-1	-1	-1	NULL	美国《国际日报》创办于1981年，总部设在美国洛杉矶蒙特利公园市，是华文彩版全球性大报，每天以80120版综合报道全球政治、经济、文化等全方位的要闻信息，在83个国家与地区设有分社和特派记者，全球发行250多万份。《人民日报》海外版、香港《文汇报》美洲版、东南亚版随本报组合在世界各地发行。主要发行至北美、东欧、南美、西欧、欧亚及亚太地区，在世界华侨、华人和关注中国社会发展的各国官方、商界、学者、民间人士中具有重大影响。在国内，拥有从中央国家机关、各省市政府到大型企业集团的读者群。
豌豆荚	1473482068	http://www.wandoujia.com/apps/com.appscapital.kidskool.veterinario	KidSkool: 兽医	21639038	1347206400	休闲时间-经营策略	NULL	1.01	Android 2.2.x 以上	当乐网	6945	0	0	-1	-1	-1	NULL	孩子们玩得开心而他们成为熟悉兽医专业。 ***收集了八场比赛的3至99岁的孩子。*** 这场比赛变成一个娱乐中心，在那里孩子们可以开发各种技能，为他们发挥您的设备。 儿童将有大量的游戏的乐趣，他们将通过一个专业的令人难以置信的交互式图像开发他们的智力。 目录 - 8个完整的游戏, 每一个多层次！ - 通用的iPhone，iPod Touch和iPhone的应用进程。一次购买，随处播放！ - 优化运行完全从旧的iPhone 3G新的iPad。 - 适合儿童接口！ - 无广告！ - 没有必要购买！ 你的孩子将学会： - 开发你的视觉记忆。 - 开发您的听觉记忆。 - 发展自己的能力，以识别类似的图像。 - 解决一个难题。 - 感知物体的运动，以及如何处理它。 - 准颜色，声音和图像。 - 唤醒他们的学习兴趣。 ───────────────────── KIDSKOOL “Kidskool专业” 是一个集合12场比赛，帮助您的孩子学习不同的工具和器皿在日常工作中的成年人使用 关于 APPS CAPITAL SOCIAL FUNDING Apps Capital，致力于开发优质的游戏和应用适用于所有平台。 更多信息：http://www.appscapital.com Keywords: 游戏，教育，孩子，孩子，学习，贸易，专业，块，对子，记忆，视觉，拼图，颜色，科学，消防队员，建设者，电力，生产厂家，企业家，兽医
豌豆荚	1473482068	http://www.wandoujia.com/apps/com.arrisar.kingsfree	Kings Cup (Free)	2140255	1420732800	NULL	NULL	1.0.0	Android 4.0 以上	360手机助手	3	0	0	-1	-1	-1	NULL	Get your friends together along with your drinks for a good time, all most common rules for Kings Cup (also known as Kings, Circle of Death, King's Cup, Donut, Oval of Fire, or Ring of Fire).Custom card designs and rules for the best drinking experience!== COMING SOON IN FULL VERSION == - Customize your rules - Download and play with other people's rules - Custom card faces
豌豆荚	1473482068	http://www.wandoujia.com/apps/com.aries.ttapp	开心熊打泡泡	23530290	1410192000	宝石消除-泡泡龙-益智	消除-益智-泡泡龙	1.0.1.as.mm	Android 2.2.x 以上	艾莱斯（北京）科技发展有限公司	4736	0	0	-1	-1	-1	NULL	- 猪小新：一直为了做演员而努力减肥的乐天派 消除时分数上升 - 钟小东：不想借助爸爸的力量，要凭自己的力量扎根成长 消除时分数上升；危机时直接发动FEVER状态 - 菲小武：个性热心，热衷公益事业的运动员 消除时分数上升；全消时额外加分，以FEVER状态开局（满级发动） - 考小兵：凭着出色的运动和观察力，立志要做一名侦探 消除时分数上升；开局时发射2发全消泡泡；危机时消除下方两行（满级发动） - 王小贱：为人认真专注，愿望是做一名老师 消除时分数上升；开局时发射2发全消泡泡 - 操作简单，极易上手，手残党技术流都可轻松操作！ - 萌宠、呆宠、贱宠…在这里无奇不有！ - 有趣的动画和音乐，一旦开始无法停止！ - 休闲益智，打发时间，愉悦心情~
豌豆荚	1473482068	http://www.wandoujia.com/apps/com.appstrusts.homechestworkoutformen	Home Chest Workout for M...	1784059	1420387200	NULL	NULL	3.01.4	Android 2.3.3 以上	360手机助手	1992	0	0	-1	-1	-1	NULL	We understand you are busy. And that is why we have created a Chest Workout plan that spend you only 9 minutes every training day! Train with your Device and get your personal trainer for free.The best Chest Workout app is coming with its unique design and powerful function. Beginners Workout, Upper and Lower Chest Workout, High Intensity Chest Workout, and many more.Check out these amazing chest workout tutorials videos for both beginners and advanced levels. choose your style and learn how to apply chest workouts fat burning, workout and many more.How to Do a Basic Push UpHow to Do a Knee Down Push UpHow to Do a Narrow Stance Push UpHow to Do a Wide Stance Push UpHow to Do an Exercise Ball Push UpHow to Do a Medicine Ball Push UpHow to Do a Sliding Push UpHow to Do a Platform Push UpHow to Do a Wide Grip Push UpHow to Do a Narrow Grip Push UpHow to Do a One Arm Push UpHow to Do an Incline Push UpHow to Do Exercise Ball Dumbbell PressHow to Do a Dumbbell Bench PressHow to Do Incline Dumbbell Bench PressHow to Do Palms In Dumbbell Bench PressHow to Do a Flat Dumbbell FlyHow to Do an Incline Dumbbell FlyExercise Ball Flat Dumbbell FlyHow to Do an Incline Front RaiseHow to Do a Cable Chest PressHow to Do Inner Chest Cable CrossoverHow to Do Upper Chest Cable CrossoverHow to Do a Cable Lower Chest RaiseHow to Do a Flat Bench Cable FlyHow to Do an Incline Cable FlyHow to Do a Decline Cable FlyHow to Do a Chest DipHow to Do a Weighted Chest DipHow to Do a Barbell Bench PressHow to Do a Close Grip Bench PressHow to Do Wide Reverse Grip Bench PressHow to Do a Reverse Grip Bench PressHow to Do an Incline Bench PressHow to Reverse Grip Incline Bench PressHow to Do One Arm Dumbbell Bench PressHome Chest Workout with Max TapperThis is a real personal fitness trainer and a cool body building device. Our app not only helps counting the number of Workout you do, but also record every exercise you have done and makes the training plan based on your daily training and body status.Muscle Building Workouts helps bodybuilders to choose the exercises that build the major muscle groups, also helping them avoid exercises that have nothing to do with the muscles they want to build.Exercises that define and sculpt your chest help you look your best. But scoring one isn't as easy as cranking out bench after bench. Just follow the lead of our certified personal trainer in these 20+ instructional videos that will target all major chest muscles.Every muscle building exercise is presented in full-colour photography, with clear step-by-step instructions and annotated cutaways of the muscular system, all scientifically labeled with expert tips to guide and motivate users to exercise the right way.
豌豆荚	1473482068	http://www.wandoujia.com/apps/com.as.game	单机暗影猎杀者	24913525	1432483200	休闲时间	NULL	1.1	Android 2.0.1 以上	小米手机助手	192	0	0	-1	-1	-1	NULL	《暗夜猎杀者 3D》- 暴力动作《中古世纪刺客暗杀》游戏 化身为游戏中古世纪暗杀者，成为中古世纪上最令人畏惧的暗影刺客吧! 主角忍者，抢回被野蛮人佔领的城市，不惜和野蛮人开战! 残酷的中古世纪城市潜行暗杀，像个忍者一样从敌人背后给予致命一击! 在城市裡小心你的脚步，绝对不要正面与敌人衝突， 战士狙击手弓箭手的火力非常强大! 华丽血腥的暴力动作暗杀，随机发动的暗杀动作 360度3D视觉效果操作，自由操控视角
豌豆荚	1473482068	http://www.wandoujia.com/apps/com.aslibra.rm.nvren	红妞美搭	1039141	1437926400	NULL	NULL	1.0	Android 3.0.x 以上	应用宝	221	0	0	-1	-1	-1	NULL	红妞美搭，让你体验时尚新潮的衣着购物服饰，分享女人衣物搭配的乐趣，还有流行的服饰搭配技巧！ 本app是漂亮的你必不可少的哦！包括以下精选内容： * 分享春装和夏装的漂亮搭配 * 新品抢先体验 * 流行搭配分享 * 上装、裤子、裙子的搭配技巧 * 内衣选购
豌豆荚	1473482068	http://www.wandoujia.com/apps/com.awear.android	Awear for Pebble	6709358	1422115200	NULL	NULL	1.4.6	Android 4.1 以上	360手机助手	1897	0	0	-1	-1	-1	NULL	Awear lets you communicate instantly from your pebble. Respond to messages with your phone in your pocket.Awear is currently in BETA with the following features: ★ SMS- Receive and Respond to messages in 2 clicks- Pre-configure your own responses- Smart response options for when you're driving or in a meeting★ EMAIL- Take instant action on important emails- Mark read, archive, star or delete from your watch- No more spam! Use gmail filters or our machine learning algorithm too only see important emails★ CALENDAR- Get google calendar configured reminders - 2 clicks let people know you're running late to a meeting★ OTHER COOL FEATURES- See up to date weather forecasts (daily and weekly)- Smart vibration types give you a gentle nudge for emails and a stronger buzz for SMS- Full configuration. You control what you see and when to get alerted!You can use Awear as your watchface or you can keep your existing watchface and still use Awear for communications!This is a BETA release, but we're constantly improving the app and adding new features.To report bugs or request features, please visit http://forums.awear.io
豌豆荚	1473482068	http://www.wandoujia.com/apps/com.basillee.cuttheropeofsunwukong	解救孙悟空	3991209	1453910400	休闲时间	休闲-益智休闲-趣味-简单	1.1.0	Android 2.2.x 以上	安卓市场	1125	0	0	-1	-1	-1	NULL	应用类型：经典的休闲益智类小游戏 玩法：本游戏将齐天大圣孙悟空绑在了绳子上，大圣周围有许多它*爱吃的仙桃。可是周围确危险重重。你的任务就是割断绳子帮助齐天大圣孙悟空吃到更多的仙桃，然后进入下一关。等等，别以为这事很简单，作为一款不错的单机益智的小游戏。不同的关卡设置了不同的道具，有悟空的筋斗云，吃到它悟空就能飞上天空，但是也可能进不了下一关哦！有的关卡布满了小怪物，你得小心一点不要碰到这些怪物。有些关卡的道具吃了进入下一关的门会移动哦，难道继续增加。好了说了这么多快点来试试吧~~ 以上描述中存在违反广告法的内容，自动用*代替
豌豆荚	1473482068	http://www.wandoujia.com/apps/com.bbsoft.bbsql	BB-SQL Free	2983472	1414080000	NULL	NULL	1.2	Android 2.2.x 以上	360手机助手	3200	0	0	-1	-1	-1	NULL	版本：1.2
豌豆荚	1473482068	http://www.wandoujia.com/apps/com.beautifulreading.ieileen.app	张爱玲	35617260	1432051200	新闻阅读-电子书	NULL	1.2.3	Android 2.2.x 以上	广州美读信息技术有限公司	8028	19	41	-1	-1	-1	张爱玲未出版遗著《少帅》。	张爱玲最后一部遗稿《少帅》独家首发，本年度最值得收藏的精品应用！ 如果您是张爱玲的忠实粉丝，这是一座能够让您直呼过瘾的主题博物馆； 如果您只是一个看客，那么，希望您能从这儿一窥她那苍凉哀婉而精彩动人的传奇一生。 【应用内容】 收录张爱玲未出版遗作《少帅》中英文版本及张学专家冯睎乾对小说的考证与评析； 收录《回顾倾城之恋》、《色，戒》和谈《色，戒》绝版手稿41张； 收录张爱玲个人珍贵相片54张，回顾一代才女成长历程。 更多内容，陆续添加。 【应用特色】 张爱玲文学遗产继承人宋以朗先生独家授权，这里有关于张爱玲的一切； 为《少帅》精心定制的阅读界面，中英对译一屏呈现，使阅读更加“过瘾”； 一键开启字迹翻译，还原才女创作思路，一睹张爱玲文笔真迹； 细节打磨呈现浓浓民国格调，身临其境感受“临水照花”张爱玲。 如有任何意见反馈，请联系 feedback@beautifulreading.com 新浪微博@美丽阅读 官方QQ群：293372180
豌豆荚	1473482068	http://www.wandoujia.com/apps/com.beautiful.sunsetrid	日落骑士3D	10371551	1446652800	动作射击	角色	1.0.1	Android 2.1.x 以上	安卓市场	111	0	0	-1	-1	-1	NULL	《日落骑士3D》一款经典的射击类过关游戏！游戏讲述的是关于美国西部牛仔的传奇故事,游戏有四个角色,老大和老二都是双枪型的,老三和老四的枪威力很大,是散弹,游戏的关卡设计巧妙,充分考虑到了西部牛仔的马战和步战功夫,有的在火车上打,有在印第安人部落打,非常经典,超级好玩,游戏的难度特别高,非常具有挑战性,尤其是最后一关的BOSS,枪快子弹多,比较难... 游戏支持大多数手机型号,无限投币,让你一次玩个够,赶快来享受通关的乐趣吧.
豌豆荚	1473482069	http://www.wandoujia.com/apps/com.bbbao.cashback	比比宝返利	3228757	1399824000	购物-导购	NULL	1.0.8	Android 2.2.x 以上	应用汇	7789	1	0	-1	-1	-1	NULL	【网购省钱神器，装机必备】 【淘宝返利最高，最安全靠谱的购物助手】 比比宝返利—淘宝最高返利，购物省钱之旅，从比比宝返利开始。 比比宝返利特色 1.淘宝购物拿返钱，全网返钱最高75%， 2.在比比宝逛淘宝，宝贝返钱随时看 3.独家实时跟单，掌握订单查看返钱 4.充话费返集分宝，方便又省钱 开发者：比比宝 比比宝微信公众账号：比比宝 比比宝微博：@比比宝官网 比比宝官方网站：www.bbbao.com
豌豆荚	1473482069	http://www.wandoujia.com/apps/com.bigdata.medical	种牙管家	27310001	1466870400	运动健康-用药·医疗	NULL	3.4.1	Android 4.0 以上	紫荆易元（北京）健康管理有限公司	4561	0	0	-1	-1	-1	NULL	【牙齿种植医生专用平台，数字化分级诊疗定制App】 互联网口碑营销领导者——独创介绍人体系，通过老患者带入新患者； 种牙管家是口腔医生植牙助手——北上广等10多个城市，数千名种植医生正在使用； 清华紫荆云端数据库安全存储，方便快捷——手机、PAD随意切换，云端备份，数据更便捷； 数十家互联网牙医+口腔诊所强强联盟——为线下多点执业打通安全交付渠道； 种植团队管理专用——数十支口腔种植专家团队协同办公； 医生集团远程会诊——医生给专家好友进行患者转诊服务，可以一个患者在多个医生会诊； 医患双向通知——根据种植手术的7个步骤，划分提醒时间和推送医嘱服务； 口腔诊所老板孵化计划——积累好友及优质客户资源，维护高端用户； 口腔学专业学生职业规划——精准定位医患沟通，积累人脉资源。
豌豆荚	1473482069	http://www.wandoujia.com/apps/com.bm.tasknet	任务网	4224758	1473091200	聊天社交	NULL	1.5.4	Android 3.0.x 以上	OPPO软件商店	3242	7	0	-1	-1	-1	NULL	任务网，实时发布需求，线下即时抢任务，不仅可以发布我的购买需求，还很容易找到可以为我工作的人，真是足不出户，一点即可啊！
豌豆荚	1473482069	http://www.wandoujia.com/apps/com.blackbirdwallpapers.rainylondon	Rainy London Live Wallpaper	23537118	1416585600	NULL	NULL	1.0.3	Android 2.3.3 以上	应用汇	424	0	0	-1	-1	-1	NULL	Decorate your screen with beautiful pictures of some of the greatest sights of the London. Enjoy amazing animated rain with steamy window effect or live water effect that simulates water ripple effect (water drops effect). FEATURES: - Set of photos of London landmarks (Tower Bridge, Big Ben, Buckingham Palace, …) in HD quality + opportunity to set your own photo - Animated live rain - Smoky window (steamy window) effect - Water drops effect - This free London wallpaper fully supports horizontal orientation and looks great on both mobile phones and tablet devices and supports screen switching - This rainy wallpaper app will sleep when your phone is inactive, so this live wallpaper will not drain your battery - Real smooth 3D animations (based on OpenGL ES 2.0, compatible with 99% mobile phone devices) How to set this free wallpaper with views of London on the home screen of your phone: Home → Applications → Settings → Display → Wallpapers → Home screen wallpaper → Live wallpapers → Rainy London Live Wallpaper Check out our account for more free beautiful live wallpapers Notice: this free London wallpaper contains ads This free rainy day in London wallpaper has been tested and looks great on latest devices such as Samsung Galaxy S4, Samsung Galaxy Note 3, Nexus 7, Sony Xperia Z
豌豆荚	1473482069	http://www.wandoujia.com/apps/com.bomilanovich.mspmetro	Twin Cities Metro Transit	2975314	1423670400	NULL	NULL	1.0.0	Android 4.0.3 以上	应用汇	546	0	0	-1	-1	-1	NULL	Do you use Twin Cities (Minneapolis/St. Paul) metro transit? So do I!With Twin Cities Metro Transit app, you can see all the routes operated by Metro Transit, including its partners (like Minnesota Valley Transit Authority - MVTA, Northstar, etc). The information is accurate and refreshed every 30 seconds.Tired of waiting for the bus or light rail? This app will not only tell you how far away it is, but also show you the exact location of the vehicle on the map (if available)! Then you'll know exactly where the bus or the train is.Use a route often? Save it as a favorite and access it easily the next time you open the app! Not sure what route to take? Use the built-in Trip Planner functionality to get the exact information on which bus or train to take in order to get to your destination. Twin Cities Metro Transit app can also detect your location and give you the address based on your location - and get you to where you need to go!Rider Alerts! They're there in the app, so be sure to check them to make sure that your bus or train is running and that your bus stop is not closed.
豌豆荚	1473482069	http://www.wandoujia.com/apps/com.bittorrent.client	BT下载器	10403786	1471708800	系统工具-视频	NULL	3.20	Android 4.1 以上	应用宝	39000	3	4	-1	-1	-1	NULL	Find, download (torrent) & play torrents on your phone or tablet with the official BitTorrent® App for Android From the team that invented the BitTorrent torrent protocol and BitTorrent download software, the BitTorrent torrent app for Android is a beautifully simple way to discover, download, and play media, anywhere. We're delighted to unveil a watershed release for BitTorrent for Android-- version 3.x Included in version 3.x: ✔ (NEW) We've updated to the latest torrent core, 3.4, to get you download performance improvements and improved stability. This includes Canonical Peer Priority (reduces the hop length between you and peers in the torrent swarm), and faster handling of magnet link data ✔ (NEW) The v3 update gets you an expanded, and beautifully styled music player with a play queue to help you see and manage what’s up next (just swipe left) ✔ (NEW) UI refinements, including increased use of cover art This torrent downloader app for Android reflects your input with the following: ✔ Beautifully light, clean design ✔ Wifi-only mode to save on mobile data ✔ No speed limits and no size limits ✔ Easy access to your media with integrated music and video libraries ✔ Select files to download within a torrent to minimize your storage footprint ✔ Better music listening and video viewing experience with integrated music and video players ✔ Auto-shutdown (Pro feature) More features: ✔ Choose your file download location when adding a torrent ✔ Download torrents and magnet links ✔ Choose between deleting torrents only, or torrents & files ✔ Translations in Pусский, Español, Italiano, Português do Brasil ✔ The very latest in core torrenting technology, continuously updated by dedicated torrent core engineers to maximize performance ✔ Download licensed, free music and video torrents from BitTorrent’s content partners such as Moby and Public Enemy-- from the get-go. ✔ Downloaded more than one music file in a torrent? Play them all at once as a playlist Make your Android device so much more fun Looking for answers to frequently asked questions (FAQ) or a guide to get started? Visit this page: http://bit.ly/15QqrIF Support and feedback re: this Android torrent client? btandroid@bittorrent.com, or visit the BitTorrent mobile forum at http://bit.ly/XTKPEq Feature suggestions? http://bit.ly/WgvTUu Like us on Facebook: http://www.facebook.com/bittorrent Follow us on Twitter: http://twitter.com/bittorrent By downloading or using this torrent downloader client, you agree to the Terms of Use (http://www.bittorrent.com/legal/terms-of-use) and Privacy Policy (http://www.bittorrent.com/legal/privacy) Your feedback is very important to us. Please email us directly at btandroid@bittorrent.com if you have any problems or requests. Thank you in advance. Enjoy an ads-free experience with the Pro version of this downloader app -- now with auto-shutdown and battery saving preferences. Check out BitTorrent Pro: http://bit.ly/1jMFP4h Upgraded to Pro in-app, and wondering how to get Pro back? Just re-download the free app-- it will turn into Pro on its own. Looking for a remote control for your BitTorrent torrent client on your home computer? Check out the BitTorrent Remote downloader app for Android here: http://bit.ly/WSxkFZ --The BitTorrent mobile team. “Committed to building a sustainable future for content. For all.” 查找，下载（激流）​​与官方BitTorrent®应用为Android玩你的手机或平板电脑上的种子 从发明了BitTorrent的洪流协议和BitTorrent下载软件的团队，为Android BitTorrent的洪流应用是发现，下载和播放媒体，任何地方一个美丽的简单方法。 我们很高兴能够推出BitTorrent的一个分水岭释放Android--版本3.x 包括在版本3.x： ✔（NEW）我们已经更新到最新的洪流核心，3.4，让你下载的性能提升和改进的稳定性。这包括规范同行优先级（减少你的洪流群同行之间的跳长度），磁铁链接更快的数据处理 ✔（NEW）第3版更新让你的扩展，以及精美的风格的音乐播放器与播放队列，以帮助您查看和管理是怎么回事下一个（只刷卡左） ✔（NEW）用户界面的改进，包括使用封面增加 为Android这个BT下载软件应用反映了以下的输入： ✔轻精美，简洁的设计 ✔WiFi的唯一模式，以节省移动数据 ✔无速度限制，无大小限制 ✔轻松访问您的媒体集成了音乐和视频库 ✔选择文件洪流中下载到最小化存储空间 ✔集成了音乐和视频播放器更好的音乐收听和视频观看体验 ✔自动关闭（专业功能） 更多功能： ✔选择你的文件下载位置添加一个任务时， ✔下载山洪和磁铁链接 ✔删除山洪只，或山洪和文件之间进行选择 ✔在Pусский，西班牙语，意大利语翻译，葡萄牙语巴西 ✔的核心技术torrenting最新的，不断通过专用的洪流核心工程师更新，以最大限度地提高性能 ✔从BitTorrent的内容合作伙伴，如白鲸和公共Enemy--下载行货，免费的音乐和视频的洪流从一开始走。 ✔在洪流下载了多个音乐文件？播放一次全部为播放列表 让你的Andr​​oid设备，从而更有趣 寻找解答常见问题（FAQ）或导游开始了吗？访问此页：http://bit.ly/15QqrIF 支持和反馈回复：这个Android BT客户端？ btandroid@bittorrent.com，或访问BitTorrent的手机论坛http://bit.ly/XTKPEq 功能建议？ http://bit.ly/WgvTUu 就像我们在Facebook：http://www.facebook.com/bittorrent 按照我们在Twitter：http://twitter.com/bittorrent   下载或使用该BT下载客户端，您同意使用条款（http://www.bittorrent.com/legal/terms-of-use）和隐私政策（http://www.bittorrent.com/legal /隐私） 您的反馈意见是对我们非常重要。请直接btandroid@bittorrent.com给我们发电子邮件，如果您有任何问题或要求。先谢谢你。 享受此下载应用程序的Pro版的无广告体验 - 现在自动关闭和节电偏好。退房BitTorrent的专业：http://bit.ly/1jMFP4h 升级到应用专业，不知道如何让临回来？就在免费重新下载app--就会变成临自身。 寻找你的BitTorrent的BT客户端的远程控制你家里的电脑上？看看这里为Android BitTorrent的下载远程应用：http://bit.ly/WSxkFZ --The BitTorrent的移动团队。 “致力于建设一个可持续发展的未来的内容。对全部。”
豌豆荚	1473482069	http://www.wandoujia.com/apps/com.boersoft.gps	波尔计程	2473705	1365436800	旅游出行	NULL	1.0	Android 2.2.x 以上	波尔软件	3647	0	1	-1	-1	-1	NULL	波尔计程能够直观地记录您的运行路线、时间、里程、时速等，支持语音里程播报与分享。程序提供了慢速与快速两种模式，适合步行、跑步、骑行、驾车等各种运动。
豌豆荚	1473482069	http://www.wandoujia.com/apps/com.booltech.pro2048	2048Pro	772111	1395936000	休闲时间	NULL	1.01	Android 2.1.x 以上	百度手机助手	707	0	0	-1	-1	-1	NULL	说明：灵感来自 Gabriele Cirulli 的网页游戏：http://git.io/2048超速极爽2048，不要再滑了。加入键盘版的2048，成为2048绝世高手。一定会让你停不下来！！一定停不下来的！这是一款让你停不下来的2048，享受游戏吧！官网：http://2048pro.com
豌豆荚	1473482069	http://www.wandoujia.com/apps/com.buongiorno.wp.ctGirl	漂亮女孩壁纸	1154224	1370880000	其它-图像	NULL	11.0	Android 1.5 以上	百度手机助手	1118	0	0	-1	-1	-1	NULL	漂亮女孩壁纸。需联网下载。喜欢还可以保存到SD卡里。...
豌豆荚	1473482069	http://www.wandoujia.com/apps/com.buptdoctor.bupt	恰好健康	7232745	1432137600	运动健康	NULL	2.0.2	Android 2.2.x 以上	搜狗应用市场	8170	0	0	-1	-1	-1	NULL	1：语音功能找药！轻轻一按就可以找药啦！ 语音功能是恰好健康的一大特色，用户轻按语音按钮，喊一声需要的药名，附近在线药房快速反应，抢单的药房马上联系您，神一样的速度，简单又方便！ 2：按药方儿找药拍张照！ 拍照和选择图片功能是恰好用户端的另一大特色，主是为了方便用户使用手机拍处方、拍药盒和药品说明书。一拍即发，由近到远广播给在线药房，找到为止。既省心省钱，又直观完美！ 3：文字找药更精准！ 用文字输入的方式，像编写短信一样简单。输入药品名称、剂型、规格、生产厂家、购买数量等信息，发送给附近在线药房，这样找药更精准！ 4：实时沟通更方便！ 进入咨询页面点击选择客服后，您可以随时随地的发送文字、语音、图片、位置。可以咨询药品信息、促销信息、和用药指导！ 5：专业坐堂医生免费咨询！ 在药店详情页，选择药店坐堂医生，可以电话联系专业的坐堂医生进行问诊，您将得到更专业的用药指导为您提供能及时的诊疗服务！ 6：关注附近药房尽享会员特权！ 在药店详情页，点击关注药房，并完善个人信息，可立即成为药店会员尽享所有会员特权！
豌豆荚	1473482069	http://www.wandoujia.com/apps/com.bwsoft.youbiao	优标	3998131	1472659200	效率办公-效率	NULL	1.0	Android 3.0.x 以上	北京亚分科技有限公司	278	0	0	-1	-1	-1	NULL	一款为检测机构和企业提供专业的最新检测标准、质量控制、检测报告自动识别传递的app，个人用户通过app扫描产品上的二维码可查看此产品的检测报告以实现无忧购物。
豌豆荚	1473482069	http://www.wandoujia.com/apps/com.bushiroad.nintama.android	忍たまパズル	27518983	1470240000	休闲时间	益智休闲-经典-物理-日系-忍者-动画-弹射-动漫游戏	1.4.3.0	Android 4.0 以上	当乐网	114	1	0	-1	-1	-1	NULL	《忍者乱太郎:飞跃益智之段 忍たま乱太郎 ふっとびパズル！の段》是一款以经典动画改编而成的日系卡通风格的益智类手游，游戏中绝地还原了动画剧情。玩家可以使用《忍者乱太郎》的角色进行益智游戏！忍者乱太郎 飞跃益智之段无乱小孩还是大人，谁都可以简单操作的益智游戏。是为了帮在忍术学园的园长夺回被抢走的宝物，集合个性丰富的忍者们，一起通关的游戏。游戏中登场的忍着有40种，拥有各自的个性的忍具和忍术。
豌豆荚	1473482069	http://www.wandoujia.com/apps/com.bxg.zh	吆喝	5575245	1471363200	购物-导购	NULL	3.3	Android 4.0 以上	江苏信用行科技股份有限公司	4631	0	0	-1	-1	-1	NULL	为不锈钢买卖双方提供撮合交易服务的产业链电商平台，通过需求匹配和供应链整合，解决传统不锈钢采购过程中因信息不对称、中间环节多导致的“找货难”、采购成本高、交易得不到保障等问题，提升效率重构不锈钢产业链。 1、 强大的资源池，优质供货商和信用行商城支持，品种多，货源充足； 2、 市场价格查询，了解市场价、找货，一个平台搞定，省时省心省力； 3、 快速找货，系统精确匹配，实时推送，随找随到； 4、 免费验货功能，你买货，我们送质检服务，再也不用担心货品质量问题； 5、 APP找货、微信找货、网站找货、电话找货、语音找货，找货方式多样化，随时随地随心购，买卖零距离。
豌豆荚	1473482070	http://www.wandoujia.com/apps/com.capricorn	摩羯座的猫	1307317	1387900800	其它	NULL	1.0	Android 2.2.x 以上	百度手机助手	887	0	0	-1	-1	-1	NULL	摩羯座诊所猫是兽医院专门猫保健，服务于芝加哥西南郊区和超越。 我们坐落在历史悠久的市中心伊利诺斯Lockport的心脏。供猫和它们的主人都是无法前往诊所出诊。我们让大多数情况下离开诊所前，有一个诊断和治疗计划，在诊所诊断实验室都配备了。 希拉博士施慕龄已超过23年的专业从事医疗和手术治疗猫。科琳彩博士加入我们的工作人员带来了多年的经验和她的专长在超声。... 展开
豌豆荚	1473482070	http://www.wandoujia.com/apps/com.cbtech.cbapp65	中国风水文化	11359055	1361376000	新闻阅读	NULL	1.3	Android 2.2.x 以上	互联网	1154	0	0	-1	-1	-1	NULL	开发者：spider
豌豆荚	1473482070	http://www.wandoujia.com/apps/com.cbbook.cbapp41	百姓不可不知的法律常识	31328218	1378224000	其它	NULL	1.0	Android 2.2.x 以上	百度手机助手	623	0	0	-1	-1	-1	NULL	针对大家生活中经常遇到而又感到很棘手不知如何去处理的法律纠纷及问题，从婚姻家庭、人身财产、消费维权、工作、劳动、三险一金等方面分类阐述，案例典型、法条明晰、分析透彻，可谓我们家庭生活的好律师。 本书具有以下五个特点： (1)本书经过大量调查研究，涵盖了各领域里最广泛、最常见而又非常棘手的法律问题，案例典型，具有代表性，专门解决生活难题。 (2)以案说法，…... 展开
豌豆荚	1473482070	http://www.wandoujia.com/apps/com.cbtechbook.app230	喝自己酿的啤酒	41190246	1397836800	美化手机	NULL	1.2	Android 2.2.x 以上	百度手机助手	69	0	0	-1	-1	-1	NULL	《喝自己酿的啤酒》的中国第一部家庭啤酒酿制指南。它介绍了精工啤酒酿酒师的捷径，全套图解家庭酿制过程，专业的啤酒品尝方法 ，十大经典国际著名啤酒配方以及特殊麦芽的简易制作。适合家庭啤酒酿造爱好者，小型啤酒屋酿酒技师以及大型啤酒公司技术人员阅读。
豌豆荚	1473482070	http://www.wandoujia.com/apps/com.cdsf.counselorview	counselorview	506313	1364832000	NULL	NULL	1.1	Android 2.1.x 以上	互联网	39000	0	0	-1	-1	-1	NULL	NULL
豌豆荚	1473482070	http://www.wandoujia.com/apps/com.chao	Chao	503961	1348416000	NULL	NULL	1.0	Android 2.1.x 以上	Google Play	1101	0	0	-1	-1	-1	NULL	Chao es una aplicación para chatear vía bluetooth de forma gratuita con cualquier dispositivo que tenga android. Chao te permite enviar y recibir zumbidos, buscar y agregar dispositivos a tu lista de amigos y chatear libremente con cualquiera al alcance de tu bluetooth sin ningun tipo de interferencia o restricción.¡Nunca pasarse las respuestas de un examen fue tan fácil! ¿Que esperas? es GRATIS.
豌豆荚	1473482070	http://www.wandoujia.com/apps/com.centaline.cis	中原工商舖	1712787	1397404800	其它-金融理财-新闻·资讯	NULL	1.1.1	Android 2.2.x 以上	Google Play	2090	0	1	-1	-1	-1	NULL	中原(工商舖) 此流动应用程序已达到「无障碍网页嘉许计划」 金奖 / 银奖要求。有关计划的详情，请浏览网页 www.webforall.gov.hk/tc/scheme。 本软件提供全方位写字楼、工厦、商舖放盘及楼市信息，方便用家、投资者搜寻楼盘及紧贴市况。 主要功能介绍： 买卖/租赁精选 – 提供市场精选买卖/租赁物业数据，用户可按区域、面积、楼层等要求搜寻心仪物业，独立自主。 笋盘推介 – 市场笋盘难求，为您跟进不同地区的放盘情况，助您把握入市机会。 独家/招标/大型项目推介 – 提供最热门的大型项目推介，特备多项独家及招标项目，带领用家、投资者于市场寻宝。 成交搜寻 – 用户可按成交类别、日期、区域，以至成交物业名称随意搜寻，让您充分掌握成交数据，市场信息一目了然。 市况速递 – 提供研究报告及即时新闻稿，助您于变化万千的市场时刻捕捉最新市况。
豌豆荚	1473482070	http://www.wandoujia.com/apps/com.chillmonster.geowiz	Geo Wiz	11856009	1442851200	NULL	NULL	1.0	Android 4.0.3 以上	360手机助手	4728	0	0	-1	-1	-1	NULL	Whether you're a TV or pub quiz fan or even studying geography at school, knowing the capital city of every country in the world is a skill that everyone would love to have. Geo Wiz is here to help.Designed as a set of challenging games that will gradually improve your knowledge of capitals, flags and maps without the need for brain-straining memorization. Just jump in when you have a few minutes to spare and in no time you'll be impressing friends and family with your new found geographical knowledge.FEATURES- Capitals Quiz. Quick-fire multiple choice for your chosen continent.- World Tour. Capitals, flags and maps from all around the world.- Quick Facts. A mini atlas with country information and links to Wikipedia.- Keep track of your progress with game medals and overall combined score.- NO adverts or in-app purchases.
豌豆荚	1473482070	http://www.wandoujia.com/apps/com.branded.enginc	Engineering Inc.	3218067	1422547200	NULL	NULL	2.2.0.144	Android 4.0 以上	应用汇	4776	0	0	-1	-1	-1	NULL	版本：2.2.0.144
豌豆荚	1473482070	http://www.wandoujia.com/apps/com.chigo.icongo.android.controller.activity	志高云空调	5458675	1422460800	其它	NULL	2.1.0	Android 2.2.x 以上	安卓市场	8023	0	0	-1	-1	-1	NULL	1、云控制，随时随地通过手机实现对云空调状态查询和远程操控；2、云适应，根据空调当地气候条件实现云制冷、云制热、云除湿、云化霜等智能功能，实时运行在*状态；3、云定制，提供多种个性化运行曲线设置，一键式智能功能可供选择定制，让你体验超智能化和个性化的舒适性享受；4、云诊断，对每台云空调的温度采集系统、控制系统、电气系统、制冷系统进行在线检测，并对运行参数进行实时采集、计算、处理、调节，使空调随时运行在*状态，实现全过程节能； 以上描述中存在违反广告法的内容，自动用*代替
豌豆荚	1473482070	http://www.wandoujia.com/apps/com.bulbsort.allsquare	颜色方块消除	1633487	1370707200	扑克棋牌	NULL	1.0	Android 2.2.x 以上	Mobogenie	3354	0	0	-1	-1	-1	NULL	您只需将颜色相同的两个或者两个以上的方块进行消除即可。如果你喜欢就不妨下载下来试玩下吧。
豌豆荚	1473482070	http://www.wandoujia.com/apps/com.bucka.motorcycle.trial.driving	Motorcycle Trial Driving	31032937	1423756800	NULL	NULL	1.0	Android 2.3 以上	应用汇	564	0	0	-1	-1	-1	NULL	Motorcycle Trial Driving is a physics engine drift motor game.If you like Simulator Games, drifting, crushing try it.Smooth controls, realistic auto physics.Test your real drift skills.*** FEATURES **** Easy controllers* Race Motorbike* Realistic driving experience and feelings* Beautiful Graphics* Realistic sound environment* Realistic physics* Tablet support and FULL HD support* FULL HD graphics with high quality
豌豆荚	1473482071	http://www.wandoujia.com/apps/com.ciplogic.knight.demo	3D西洋棋	303019	1349971200	扑克棋牌-休闲时间	NULL	1.0.22	Android 1.5 以上	Google Play	4362	0	1	-1	-1	-1	NULL	AndroidKnight is a chess game designed specifically for your Android phone. It features 3D graphics (via OpenGL ES), compass support, unlimited undo, and of course computer AI. The computer AI comes in three difficulty levels. Please rate if you liked it. AndroidKnight就是一盘棋，专为你的Andr​​oid手机。 它具有通过OpenGL ES 3D图形，支持指南针，无限撤消，当然电脑AI。 电脑AI有三个难度级别。 请率，如果你喜欢它。
豌豆荚	1473482071	http://www.wandoujia.com/apps/com.chinat2t24210yuneb.templte	甘肃食品	11827121	1463328000	NULL	NULL	1.0	Android 2.2.x 以上	安卓市场	290	0	0	-1	-1	-1	NULL	甘肃食品是一个行业信息与服务的综合性门户网站，为想要了解行业代理商机、行业供求、行业制造商的商家提供了综合信息平台，其中行业门户网包含了行业的供应、人才、求购、招商代理、品牌展示、商城、资讯、行情、展会等真实海量信息。
豌豆荚	1473482071	http://www.wandoujia.com/apps/com.chinupson.poll	完美投票	2913429	1419004800	系统工具	NULL	1.0.6	Android 4.0.3 以上	360手机助手	969	0	0	-1	-1	-1	NULL	“投票完美”是一个易于使用的测量应用。它允许任何人迅速和有效地创建定制调查分钟。可以完成这些调查，捕捉到有价值的数据。收集数据后，报告产生突出的趋势。的数据也可以很容易地导出。 设备可以独立使用，这里的一切是管理单位。它也可以连接到一个服务器，它允许调查，以使用Web浏览器进行集中管理。 智能的脱机数据收集与中央调查创造，管理和报告。这是一项免费服务，可以使多个人完成了同样的调查，与不同的平板电脑或手机。调查可以包括房屋，安全，卫生，机械，财务，采购和任何目的，适合定制的数据收集。
豌豆荚	1473482071	http://www.wandoujia.com/apps/com.cnsunpower.bwxhb	保卫小伙伴	29773673	1438704000	休闲时间-益智	消除-无限金币-改编-保卫	1.2	Android 2.2.x 以上	搜狗应用市场	8272	0	0	-1	-1	-1	NULL	由2014人气动画蛋计划改编的养成类消除游戏保卫小伙伴破壳啦！ 最牛掰最逼格就在这里,喜欢恶作剧的丑萌小怪，乱弹跳跃的调皮五子，一触即发的十字炸弹，即点即消的同色消除，紧张刺激的黑夜模式足够让你手忙脚乱，限时道具关卡让你惊喜连连。 不管是挑战自我、娱乐闺蜜、吐槽基友还是虐杀情敌，本款游戏都是你的菜。地铁、公交、床上、马桶上随意玩，爱闹哪样闹哪样！
豌豆荚	1473482071	http://www.wandoujia.com/apps/com.coder.whcs.activity	武职信息工云	18606517	1457193600	NULL	NULL	2.2.0	Android 4.0 以上	应用宝	5992	0	0	-1	-1	-1	NULL	高校云是我赢职场研发的一款大型的在线学习平台，该平台面向武汉城市职业学院电子信息工程学院学生提供海量免费，优质课程，创新的个性化学习方式，自由的交流互动环境，课程方面提供红帽认证，思科认证，编程开发，设计 ，网络营销等课程的全面线上学习方案。
豌豆荚	1473482071	http://www.wandoujia.com/apps/com.cnmobi.jewelry	移时代珠宝	24138117	1470412800	购物	NULL	2.3.1	Android 1.6 以上	安卓市场	213	0	0	-1	-1	-1	NULL	公司承袭新锐时尚文化之精髓，开启珠宝定制潮流。着力打造集研发设计、生产制造、品牌运营、市场销售等业务于一体，独树一帜的新时代珠宝品牌。
豌豆荚	1473482071	http://www.wandoujia.com/apps/com.cmstop.nstv	农视网	5514621	1414339200	新闻阅读-新闻·资讯	NULL	2.0.0	Android 2.2.x 以上	中国农业电影电视中心	8198	0	0	-1	-1	-1	NULL	农视网是中国农业电影电视中心（以下简称农影，暨CCTV-7农业节目）主办，国家新闻出版广播电影电视总局授权的国内权威三农视频网站，是农影中心在新媒体领域全力打造的新平台。农视网移动客户端是农视网专门开发的客户端软件。用户下载安装后，即可方便观看CCTV-7农业节目，及时了解农业前沿资讯。这里有为您精心打造的致富宝典、农业科技、指尖万象等专题节目，更有时尚的互动专区，投票、调查、活动、爆料，让您随时随地上传与分享。收看精彩、分享快乐，拥有农视网，拥有麦芒上的精彩视界。
豌豆荚	1473482071	http://www.wandoujia.com/apps/com.colorme.game.greenteaicecrea	绿茶冰淇淋	736917	1346947200	经营策略-休闲时间	NULL	1.0	Android 2.2.x 以上	安卓市场	295	0	0	-1	-1	-1	NULL	各种各样的绿茶味的冰欺凌需要上市，你要按照游戏界面右上方的冰淇淋显示去选择下方所陈列的冰淇淋素材，不能把奶油放得太多喔！
豌豆荚	1473482071	http://www.wandoujia.com/apps/com.cld.zylsnavs	自由旅神	25387639	1409241600	生活实用工具-旅游出行	NULL	2.1.2	Android 2.2.x 以上	张家界自由旅神国际旅行社有限公司	1949	0	1	-1	-1	-1	NULL	自由旅神”，它整合了张家界自由行有效旅游及公共信息资源，具体包括景点游览、酒店、交通、餐饮、演艺、娱乐休闲、会员俱乐部、服务网点和公共信息(派出所、景区厕所、市（区）旅游局、景区停车场、景区游道、医疗机构）等。它以“自由旅神”智能电子导游、超值基础产品包、专线巴士、绝不拼团、应急救援、服务网点和绿色通道等七大核心为卖点，让客人在张家界这个旅游目的地真正享受到比团队游服务更完美的自由行。　　依托现代智能手机、网站和腾讯微信等现代移动互联网技术，将“自由旅神”通过线上立体展现推广的“自由旅神”移动客户端。它按景点游览、酒店、交通、餐饮、演艺、娱乐休闲、会员俱乐部、服务网点和公共信息等九大类内容在线上以电子地图方式呈现、检索、导览，分类明确、内容丰富、条理清楚。真正实现“资源跟着行程走，导游时时伴你行”的业界神话。 提示：APP使用可能面临激活，请致电400-883-1111，或者登陆网站http://www.ziyoulvshen.com/获取激活码激活使用。
豌豆荚	1473482071	http://www.wandoujia.com/apps/com.crazystudio.speed.city	城市摩托-急速星空	20421648	1422288000	NULL	NULL	1.5	Android 2.0.1 以上	应用汇	428	0	0	-1	-1	-1	NULL	开发者：来自谷歌市场
豌豆荚	1473482071	http://www.wandoujia.com/apps/com.cuerhuasnh.asditxzcgsaydgt	跑车竞速赛	40730989	1457193600	体育格斗	NULL	4.3.2	Android 2.3.3 以上	小米手机助手	228	0	0	-1	-1	-1	NULL	说明 《跑车竞速赛》这是一款孤注一掷 用技术说话，否则就准备好损失现金 - 或者您的赛车！赌注很高，现实残酷。您可以从容面对吗？ 每周活动！ 您的车队有资格主宰「地盘争夺战」吗？参加每周竞赛，尝试独霸一方并为车队赢取宝石和奖励！专享礼遇将为您带来独一无二的赛车以及别具一格的涂装。
豌豆荚	1473482071	http://www.wandoujia.com/apps/com.crossbowffs.quotelock	格言锁屏QuoteLock	158512	1471622400	NULL	NULL	1.2.2	Android 5.0 以上	酷安网	311	0	0	-1	-1	-1	NULL	格言锁屏QuoteLock是一款Xposed模块，可以显示视觉小说中的格言在锁屏上。 Game list: Hoshizora no Memoria (星空のメモリア) Hoshizora no Memoria Eternal Heart (星空のメモリア Eternal Heart) Irotoridori no Sekai (いろとりどりのセカイ) Irotoridori no Hikari (いろとりどりのヒカリ) AstralAir no Shiroki Towa (アストラエアの白き永远)
豌豆荚	1473482071	http://www.wandoujia.com/apps/com.cs.android.LocalWeatherForecast	当地天气预报	2372450	1422460800	NULL	NULL	1.2.0	Android 2.3 以上	360手机助手	945	0	0	-1	-1	-1	NULL	当地天气预报应用程序是专门设计为简单和直观越好。只需点击一下您收到您的状态栏上的天气状况为您的当前位置。当地的气象预报是非常容易使用的应用程序对保持不断更新的天气条件。它提供了详细的天气所有城市世界范围内，它会搜索你的地址和快速定位的城市，并提供当前温度，当前天气状况，湿度，压力，风速和风向，五天的天气预报。特点：- 提供当前天气状况和5日天气预报- 强大的位置搜索，搜索所有城市在世界上的国家和城市或邮政编码- 支持地理定位，检索您的当前位置的*天气情况- 添加并跟踪在多个地点的天气状况。- 虚拟视觉体验以及平滑，令人印象深刻的动画效果。- 可以在世界各地访问城市的数以万计。- 快速访问已保存的城市。- 离线可以查看缓存的天气。- 公制或英制单位，12小时或24小时时间显示，和纵向或横向视图之间选择。- 能够存储无限量的位置。- 一个选项，手动添加您的位置 以上描述中存在违反广告法的内容，自动用*代替
豌豆荚	1473482071	http://www.wandoujia.com/apps/com.crossinganswers.canplay.raccoonescape	Raccoon Escape	69994385	1471276800	NULL	NULL	1.0.10	Android 4.1 以上	当乐网	8	0	0	-1	-1	-1	NULL	NULL
豌豆荚	1473482071	http://www.wandoujia.com/apps/com.cvicse.activity	三个苹果	5261031	1447603200	NULL	NULL	1.7	Android 1.6 以上	百度手机助手	885	0	0	-1	-1	-1	NULL	三个苹果是一款健康资讯类手机客户端,用户可以通过三个苹果进行食疗养生、疾病预防、中西药查询、健康论坛等功能,为用户提供优质、经济、便捷的医疗健康信息服务。
豌豆荚	1473482071	http://www.wandoujia.com/apps/com.cxzg.m.henhq	河南婚庆	5535247	1444665600	购物-商城	NULL	5.0.0	Android 2.2.x 以上	河南拓梦科技有限公司	507	0	0	-1	-1	-1	NULL	河南婚庆是一款很全面很方便实用的客户端。该客户端面向河南招商，各大企业可在该客户端上发布供求信息，发布广告，让各大企业以及广大客户更为便捷地了解产品。河南婚庆有关于婚庆方面的领先资讯，会员注册，便捷查看联系方式等功能。以便捷的浏览方式、强大的应用功能，最新的资讯信息，为广大客户展现一个丰富的行业平台。
豌豆荚	1473482071	http://www.wandoujia.com/apps/com.cxzg.m.yswl	玉石网	5436477	1443369600	NULL	NULL	6.0.0	Android 2.2.x 以上	安卓市场	198	0	0	-1	-1	-1	NULL	玉石网是最权威的玉石网站,提供种类繁多的玉石任您选购,另有玉石鉴定、玉石价格、玉石鉴赏等各类资讯信息,让您更懂玉,更爱玉。是玉友最理想的聚集地。
豌豆荚	1473482071	http://www.wandoujia.com/apps/com.cxzg.m.langzhongtc	阆中特产	6088784	1450454400	购物	NULL	5.0.0	Android 4.0.3 以上	安卓市场	188	0	0	-1	-1	-1	NULL	阆中特产商城APP是一款深受广大消费者欢迎的智能手机应用客户端，全方位为您介绍了行业资讯、商家简介、产品介绍、入驻加盟等项目，欢迎大家的查询！阆中特产商城APP是咨询类客户端，让您足不出户，了解第一资讯！ 特征： 1.平台内搜索。 2.订单查询、集商铺、地址、账户于一体式管理。 3.产品一键分享收藏等。 5.留言功能。
豌豆荚	1473482071	http://www.wandoujia.com/apps/com.cynos.ttqsgwdb	天天切水果(无敌版)	8852630	1410451200	系统工具-休闲时间	NULL	1.0	Android 2.1.x 以上	百度手机助手	1196	0	0	-1	-1	-1	NULL	游戏的玩法很简单，用玩家的手指在屏幕上移动，看到抛出的水果就看准划过去，就可以斩开水果了。注意水果有大有小，小的水果比较不容易斩到。另外还要注意的是除了被抛出的水果外，炸弹也会出现，在经典模式中一斩到炸弹游戏就结束，而在闯关模式则会扣减得分。游戏商店中更有各种神秘武器,帮你挑战高分,成为水果达人!
豌豆荚	1473482072	http://www.wandoujia.com/apps/com.cyan.community	Friends	3107923	1462291200	聊天社交-社区	NULL	1.1	Android 4.0.3 以上	陈凌志	202	0	0	-1	-1	-1	NULL	简单的图文社区
豌豆荚	1473482072	http://www.wandoujia.com/apps/com.cxzg.m.sctcscwp	四川特产.商城网	5791816	1467820800	NULL	NULL	5.0.0	Android 4.0.3 以上	安卓市场	281	0	0	-1	-1	-1	NULL	该客户端不仅具备购物、查询订单、搜索商品、行业资讯和产品评价等常用功能，而且还实现了手机版特有的会员注册登录、广告位、招商开店等功能。目标是整合当地品牌商、生产商、经销商，为商家和消费者之间提供一站式解决案。欢迎下载使用！
豌豆荚	1473482072	http://www.wandoujia.com/apps/com.cz.hymn	诗歌本	15283719	1465315200	新闻阅读-电子书	NULL	3.2.3	Android 2.3 以上	Faith	160000	177	163	-1	-1	-1	NULL	本应用收集了众多赞美诗歌，包括歌谱，歌曲，部分还有伴奏。可在线播放，也可离线使用。可自行制作资源，按规则存放即可读取。歌本歌曲资源都可在网盘下载，可访问网站http://www.christapp.net,网站也提供WindowsPhone及Android版应用下载。
豌豆荚	1473482072	http://www.wandoujia.com/apps/com.ddc110.report	电动车之家支撑平台	7195631	1411142400	购物-导购	NULL	1.4	Android 2.2.x 以上	台州新博防伪技术有限公司	3413	0	0	-1	-1	-1	NULL	电动车之家支撑平台是由台州新博防伪技术有限公司开发的电动车相关信息上报APP，可实现上报经销商、维修点、快充点，让生意找上门来！ 找电动车就上电动车之家（http://www.ddc110.com）！
豌豆荚	1473482072	http://www.wandoujia.com/apps/com.d2l.binder.android	Binder	35911826	1427385600	NULL	NULL	1.6.56	Android 4.0.3 以上	应用汇	656	0	0	-1	-1	-1	NULL	开发者：来自谷歌市场
豌豆荚	1473482072	http://www.wandoujia.com/apps/com.deliveryherochina.android	外卖超人	4905640	1453305600	生活服务-外卖	NULL	4.5.1	Android 4.0 以上	外卖超人	96000	167	162	-1	-1	-1	身边外卖全搜罗，预订免费优惠多。	外卖单去哪儿了？你饿了么？快别找了！手机外卖订餐，叫外卖超人啊！ 天气不好，刮风下雨太阳晒，同事想美美团吃一桌？叫外卖超人啊！ 早餐、午餐、晚餐、夜宵、便当，饿了吃什么好么？叫外卖超人啊！ 【外卖超人】在手，想吃啥就吃啥！还怕肚子饿了么！ 1、 无需百度，搜罗附近好口碑外卖美食； 2、 超人般“嗖”一下，美食到家； 3、 收藏您喜欢的餐厅，口碑点餐； 4、 各种闪惠满减打折优惠活动。 还在犹豫什么呢？快点我吧，立即下载，体验非同一般的外卖订餐服务！ 嗖一下的美食，尽在【外卖超人】！
豌豆荚	1473482072	http://www.wandoujia.com/apps/com.dexati.rollerskategirl	溜冰鞋女孩	7404071	1399219200	动作射击	NULL	1.0	Android 2.3.3 以上	安卓市场	1383	0	0	-1	-1	-1	NULL	Roller Skate Girl is for people who love Roller Skate and playing Skating games. Roller Skate Girl is an action filled game with 6 levels where the Roller Skate girl can win gold by completing each level. Roller Skate Girl is easy to play and directions to play the game: 1. Complete All the Levels by winning gold at each level. 2. Touch on the screen for Roller Girl to jump and Touch high to jump higher, Touch in Flight for Skating Girl to Float in the air. Roller Skate Girl is best Skating Girl game. 溜冰鞋的女孩是谁的人喜欢滚轴溜冰和玩溜冰场。溜冰鞋女孩是6个级别的充满动作游戏，溜冰鞋的女孩可以通过完成每个级别获得金牌。 溜冰鞋的女孩很容易发挥和指示，以玩游戏： 1，完成所有的水平，赢得金牌在每个级别。 2，触摸屏辊女孩跳和触摸高跳得更高，触摸在飞行了滑冰的女孩在空中漂浮。 溜冰鞋的女孩是最好的轮滑女孩的游戏。
豌豆荚	1473482072	http://www.wandoujia.com/apps/com.dld.youjiachuancai.resource	有家川菜	5314190	1383148800	生活实用工具	NULL	1.5.0	Android 2.1.x 以上	百度手机助手	424	0	0	-1	-1	-1	NULL	有家川菜”点菜是哗啦啦点菜网专为Android用户推出手机客户端。您可以通过此手机客户端方便的找到附近的餐厅,并能快速完成预订、点菜、支付,避免到店后长时间排队及饿着肚子点菜的苦恼,饭后也不用排队等待结账,更能享受手机点菜实惠及消费返积分。 【关于开发商】 ☆上海多来点信息技术有限公司：应用领先的云计算技术,开发了系列餐饮云计算产品：连锁餐厅统一电话预订系统、网上自助点菜/订座系统、在线会员营销管理系统等,致力于为中国最有发展潜力的知名餐饮连锁品牌服务。 联系我们： 全国统一客服热线：4006-527-557 企业邮箱：info@hualala.com
豌豆荚	1473482072	http://www.wandoujia.com/apps/com.dingdong.android.hzdlq	黑子的篮球进击	12139471	1433433600	休闲时间	NULL	1.0.1	Android 2.2.x 以上	小米手机助手	905	0	1	-1	-1	-1	NULL	以篮球出名的帝光中学曾出了五位被称为奇迹世代的球员，但事实上奇迹世代是有第六位成员，他就是黑子哲也。如梦幻般的第六人不选择篮球高校，而是选上了一所新建的学校诚凛高校。在这里，黑子遇上了从美国回来的另一男主角火神大我，两人的相遇，将会带领着诚凛去挑战各位奇迹世代的球员。本游戏完全免费
豌豆荚	1473482072	http://www.wandoujia.com/apps/com.dmfold5	如何折叠玫瑰	6797283	1397664000	休闲时间	NULL	2013.9	Android 2.2.x 以上	百度手机助手	3022	0	0	-1	-1	-1	NULL	在这里，我们收集这些方法如何折叠纸玫瑰，为你。学习一，发送给你喜爱的女孩。 这将是多么浪漫！ 折纸是折叠纸张的艺术，把纸张折出各种指定的形状和花样。 折纸只需要透过折叠的技巧就可以创造出复杂精细的设计。折纸设计，一般而言由正方形的纸张折成，有些折叠者也会用非正方形的纸张。 但当时这门传统手艺并不严谨，制作时间中甚至会运用到剪纸。另外，长方形、圆形、三角形以至其他形状的纸张都能够用来制作折纸作品。
豌豆荚	1473482072	http://www.wandoujia.com/apps/com.donutgames.ratonaskateboardqy	挑战滑板的老鼠	7095151	1440691200	跑酷竞速	跳跃-滑板	1.21	Android 2.3.3 以上	小米手机助手	74	0	0	-1	-1	-1	NULL	一款诙谐幽默的横版跑酷类游戏，游戏中小老鼠挑战滑板运动，路上会有各种障碍：迎面而来的篮球、香蕉皮、陷阱等等。玩家需要操控小老鼠跳过这些障碍。游戏的画面，有点街机风格，正式这种感觉，让游戏更加符合美式游戏的风格。游戏的配音一般，没有特别的动感。小轻松型，同样适合小朋友们游戏。
豌豆荚	1473482072	http://www.wandoujia.com/apps/com.douke.aibiying	帮帮找人	23902753	1465315200	生活服务-分类信息	NULL	1.0.5	Android 3.1.x 以上	深圳豆壳科技有限公司	4528	0	1	-1	-1	-1	NULL	帮帮找人,最靠谱的移动互联网寻亲神器。 · 人脸照片实时扫描，比对结果及时推送，让无助的心不再孤独等待！ · 随拍自动获取疑似走失孩子特征（性别、年龄、发现地点等）,一键发布，关注从未如此简单！ · 紧急搜救精准推送，参与方式简单灵活,为儿童安全筑起爱心堡垒！ · 身份审核+匿名互动，照片匹配度高才可看到双方联系方式，让家长安心，让志愿者放心。 · 线索奖励+爱心积分，让帮助成为一种新的生活习惯。 【联系方式】 感谢您使用帮帮找人客户端，使用中有任何问题可通过以下方式进行反馈： 1.QQ交流群：172641957 2.邮箱：service@dowcool.com 3.腾讯微信：请关注“帮帮找人”公众号 【招募通知】 帮帮找人诚邀所有爱心机构共同帮助失踪及流浪乞讨儿童，可加QQ群：528625066了解招募详情。
豌豆荚	1473482072	http://www.wandoujia.com/apps/com.dowin.wealth	金万家	33216115	1468166400	金融理财	NULL	1.3.6	Android 4.1 以上	安卓市场	3844	0	1	-1	-1	-1	NULL	顺应国家互联网金融发展战略而生，以普惠金融和民生金融为双驱动力，以互联网为运营载体，致力于创建中国互联网金融综合生态平台。“德盈金万家”集公司优势资源顺应时势成立，旨在帮助中国家庭建立正确的金融理财观念与消费习惯为宗旨，为中国家庭提供便民、快捷、安全、高保障的一站式金融理财服务。未来5年，“德盈金万家”将携手全国内专家团队，经营团队致力于融入社区，线上线下协同，共同打造千亿级金融平台，为推动中国互联网金融民生化，造福中国家庭，实现中国全民理财而全力以赴。
豌豆荚	1473482072	http://www.wandoujia.com/apps/com.doumi.gg	GG-游戏社交-妹子陪玩	2450028	1405699200	聊天社交-聊天-交友	NULL	2.1	Android 2.3 以上	重庆团战科技有限公司	1731	0	1	-1	-1	-1	NULL	在这里找到你的游戏伙伴。通过附近的玩家，妹子，群组，以及赛事活动等，找到你合适的小伙伴一起玩，一起分享，吐槽，萌！萌！哒！
豌豆荚	1473482072	http://www.wandoujia.com/apps/com.droidhen.game.forestman.me	丛林历险记	3347434	1359475200	动作射击-休闲时间	NULL	1.0.4	Android 1.6 以上	百度手机助手	966	0	0	-1	-1	-1	NULL	一款休闲类游戏。玩家要做的事情就是在森林中不停地奔跑，期间要越过很多障碍和陷阱，小心路上出现的小恐龙哦，加油跑吧。游戏包含8个关卡，不一样的障碍会出现在你面前，挑战你的快速反应能力。
豌豆荚	1473482072	http://www.wandoujia.com/apps/com.dreamforge.free.jademonkey	宝石猴	22841281	1350835200	休闲时间-扑克棋牌	NULL	17.4	Android 2.0.1 以上	Google Play	1971	0	2	-1	-1	-1	NULL	Jade Monkey 3D FREE!! This app is designed for both android and Android tablet devices!! First and foremost, thank you very much for all the feedback. We worked very hard to implement your great suggestions : ) Below is a list of all the new features: ***Multiplayer -Cross Platform - You can play anyone from any device [Android, iOS, Blackberry, Flash, Unity, PC and Mac]*** ***Challenge your friends*** ***Real time head to head gameplay*** ***All New Art, and Levels*** Venture into the mysterious rainforest in the hunt for colorful gems and shiny gold coins. Alas you have uncovered the hidden temple of the Jade Monkey! Swap jewels vertically or horizontally to form groups of three or more same-color. Form multiple matches in a row quickly to appease the gods and unlock time bonuses. Stone glyphs suggest that the temple contains magical treasures, elemental powers, and match-making adventures - but beware the deadly magic guarding the Temple Treasure. Dare to brave our popular new match-three game. Features: * Real time multiplayer action* * Classic match-three style puzzle solving* * Unique time bonus multiplier* * Cool sound and special effects* * Unlock Magical Jewels and Wards* * Android 2.0 and above* This app is designed for both Android and Android tablet devices!! 玉猴3D免费的！ 这个应用程序是专为Android和Android平板设备！ 首先，非常感谢您的反馈。我们非常努力实现很好的建议：） 下面是一个列表中的所有新功能： ***多人跨平台 - 你可以玩任何人在任何设备上的Andr​​oid，IOS，黑莓，闪存，团结，PC和Mac *** ***挑战您的朋友*** ***实时头对头的游戏*** ***新的艺术和水平*** 创业到神秘的热带雨林在追捕多彩宝石和闪亮的金币。唉，你已经发现了隐藏的玉猴庙！交换珠宝垂直或水平方向上以形成基团中的三个或更多个相同颜色。形成多个比赛中一排，迅速安抚神灵和解锁时间奖金。石字形表明，寺庙包含神奇的宝藏，元素的权力和比赛的冒险 - 但要小心致命的魔法守卫寺之宝。敢于勇敢流行的新的配对游戏。 产品特点： *实时的多人动作* *经典比赛三个风格的解谜* *独特的一次性奖金乘数* *酷的声音和特殊效果* *解锁魔法宝石和沃兹* *了Android 2.0及以上* 这个应用程序是专为Android和Android平板设备！
豌豆荚	1473482072	http://www.wandoujia.com/apps/com.e5e.trg	铜仁购	1699786	1461772800	购物-商城-团购·优惠券	NULL	1.0.1	Android 2.3 以上	安卓市场	3948	0	0	-1	-1	-1	NULL	作为一个小城市的购物狂，郁闷的是逛街没有好东西，上网怕被骗感情，稍微称心如意商品在实体店都是天价，只能托朋友外出时代购想要的好商品。 作为一个大城市的购物达人，高品质的东西虽然重来不缺，但是新鲜可口的原生态美食只怕一生难求，山窝窝里的土家肉吃起来是带甜味的，你知道吗？ 铜仁购，一个能将贵州特色宝贝带给全国各地的购物者的好地方，一款能把全国各地质优价廉好商品引入贵州的好软件。您见到的每一样东西，都有O2O实体店可体验再购买，我们提供商品质量和舒适的购买流程。 【家居馆】40000平米自运营O2O体验店，厂家直供，物美价廉。 【义乌城】600000平米O2O体验城，商家联营，活动日日更新。 【海外馆】3000平米海外O2O商城，韩国知名品牌已抢先进驻，专柜正品。 【特色馆】600万亩自营野生牧场，提供100%原生态特色肉制品，美味无法挡。 更多【惊喜】活动，就在【惊喜板块】，实时动态、互动积分，乐享不停…… 【名人榜】让购物达人也能榜上有名！ 【申请掌柜】能和铜仁购一起吃喝玩乐还赚钱乐翻天~
豌豆荚	1473482072	http://www.wandoujia.com/apps/com.eartoearoak.cellmap	细胞地图 Cell Map	1777998	1418400000	其它-交通导航	NULL	1.5.1	Android 2.3.3 以上	360手机助手	1152	0	0	-1	-1	-1	NULL	版本：1.5.5
豌豆荚	1473482072	http://www.wandoujia.com/apps/com.duoyimeng.mengya	萌芽	9146336	1453046400	教育培训-儿童教育	NULL	1.0	Android 4.0 以上	广州多艺盟信息科技有限公司	3434	0	0	-1	-1	-1	NULL	萌芽，贴心的少儿艺术教育整合平台。圈圈点点学艺路，萌芽陪你一起走。去哪学：海量课程免费试听，附近的机构精准导航，天眼监控洞悉课堂实况，无忧退款保驾护航。上课啦：智能课表神同步，再也不用错过上课时间，提醒、签到、请假、课后作业四个温馨功能，让你的孩子好上课，上好课。萌娃圈：百万奶爸奶妈晒娃圈生态广场。一起来膜拜网红宝宝诞生吧！
豌豆荚	1473482073	http://www.wandoujia.com/apps/com.economictermsdictionary.apps	Economic Terms Dictionary	2506821	1430150400	NULL	NULL	1.0	Android 2.2.x 以上	应用汇	1540	0	0	-1	-1	-1	NULL	版本：1.0
豌豆荚	1473482073	http://www.wandoujia.com/apps/com.dxm.ios8x	ios8x	10639486	1407340800	美化手机	NULL	2.5	Android 1.0 以上	酷安网	6721	1	4	-1	-1	-1	NULL	iOS 8X CM11 / PA是一款cm主题，模仿IOS8风格。
豌豆荚	1473482073	http://www.wandoujia.com/apps/com.easymin.daijia.consumer.xingbangdcclient	兴邦打车	12813175	1452700800	NULL	NULL	2.2.9.9	Android 2.2.x 以上	百度手机助手	1055	0	0	-1	-1	-1	NULL	兴邦打车，为您商务，旅游出行，聚餐喝酒，带来便捷出行。驾驶师傅的驾龄都在5年以上，经过严格培训，精良的驾驶技术，使您的出行更加安全快捷。一键下单，预约下单，司机随叫随到，无处不在。
豌豆荚	1473482073	http://www.wandoujia.com/apps/com.eggpain.qichexiaoshoupingtai4144	汽车销售平台	3322643	1458230400	NULL	NULL	2.0.2	Android 2.2.x 以上	安卓市场	453	0	0	-1	-1	-1	NULL	汽车销售平台致力于为汽车行业进行有力的市场宣传和推广，为企业搭建功能全面、服务周到的的手机客户端平台，提供准确到位的行业资讯，技术发展，车业杂谈，行情快报等资讯，借助于领先的平台服务每一位客户及会员。达到企业之间合作更方便，交易更快捷，成本运营上更优质的服务目标。合作共赢，创造平台美好的未来。欢迎您关注汽车销售平台!
豌豆荚	1473482073	http://www.wandoujia.com/apps/com.eggpain.zhangshangledludengshangcheng2847	掌上LED路灯商城	3747728	1445443200	新闻阅读-新闻·资讯	NULL	2.0.4	Android 2.2.x 以上	安卓市场	2739	0	0	-1	-1	-1	NULL	掌上LED路灯商城客户端是一款实用商城信息平台，集行业资讯、移动商城、供求商机、企业黄页、微博分享、转播到腾讯微博、地图定位、一键拨打联系人电话等功能于一体，掌上LED路灯商城客户端是以方便个人和企业为出发点；囊获了全国各地的行业和产品的信息，用户注册登陆就可以免费在线发布一定数量的供求信息，是企业人士上网找信息和产品的首选平台。该客户端面向全国招商各大企业可在该客户端上发布供求信息、发布广告、让各大企业以及广大客户更为便捷。掌上LED路灯商城客户端以其便捷的浏览方式、强大的应用功能，以及最新的资讯信息为广大客户展示一个丰富多样的信息平台。
豌豆荚	1473482073	http://www.wandoujia.com/apps/com.eggpain.rouleishipinwang1081	肉类食品网	3012042	1433174400	NULL	NULL	1.0.3	Android 2.2.x 以上	安卓市场	225	0	0	-1	-1	-1	NULL	肉类食品网为您打造国内权威肉类行业电商平台。清晰地资讯分类，帮您快速了解行业动态、查看业内法律知识、掌握营养食谱。完善的产品与商铺分类，让您轻松找到心仪的产品，一键购买，方便有安全。欢迎新老顾客光临或加盟。
豌豆荚	1473482073	http://www.wandoujia.com/apps/com.edutao.xxztc.android.teacher.model	陪育100教师版	6753996	1445011200	聊天社交-聊天	NULL	3.2.9	Android 2.2.x 以上	搜狗应用市场	3066	0	0	-1	-1	-1	NULL	陪育意味着陪伴孩子一同成长，旨在陪伴与培养孩子，多与自己的孩子沟通，面对广大幼儿园、小学、初中、高中家长，陪育产品与服务的核心目标是通过为中小学建设新型的校园网站，帮助学校搭建一个服务教师、服务家长、满足校务管理需求和统计分析需求的移动互联网综合信息交互平台，为学校和家长提供优质的终身服务。
豌豆荚	1473482073	http://www.wandoujia.com/apps/com.enuo.app360_2	怡诺医生	34614338	1470240000	生活实用工具-运动健康-健康-经期·孕期	NULL	3.0.6	Android 4.3 以上	天津时代怡诺科技有限公司	710000	15	4	-1	-1	-1	NULL	怡诺医生是一款血糖血压慢病监管工具，智能采集用户的血糖、血压、血脂、用药、饮食、运动等数据并实时上传，与怡诺健康云平台相结合，为用户提供血糖血压检测、云端存储、血糖血压管理分析、医生监护指导等专业服务，根据用户身体特征制定科学的控糖控压计划，全面有效控制用户血糖血压。 怡诺医生具有以下功能： 1. 全方位记录用户的血糖、血压、饮食、运动、用药等数据。 2. 实时监控预警，自动推送异常数据给医生，实现用户血糖智能管理。 3. 连线三甲医院糖尿病医生、专业健康管理师，解答疑问，提供科学就医指导。 4. 健康咨询，提供糖尿病常识、饮食禁忌等方面的降糖控压等慢性病常识，助您轻松应对慢性病。 5. 怡诺商城提供血糖仪、试纸、降糖保健品等多种糖友用品，货真价实，方便快捷。
豌豆荚	1473482073	http://www.wandoujia.com/apps/com.esgzn.qfmyj.xvphi.dkwcb.truao.qfmyj	家常菜四	2650769	1346342400	生活实用工具	NULL	1.0	Android 2.2.x 以上	百度手机助手	1173	0	0	-1	-1	-1	NULL	版本：1.0
豌豆荚	1473482073	http://www.wandoujia.com/apps/com.evalley.accident	交通事故责任判定	33321203	1447689600	教育培训-考试·驾考	NULL	1.0	Android 3.0.x 以上	麻胜海	8903	0	0	-1	-1	-1	NULL	出现交通事故，责任如何判定？作为司机的你，都知道吗？本APP以生动易懂的动画形式，演示29种全责的交通事故，让您一目了然，快速判断事故责任，上路必备！
豌豆荚	1473482073	http://www.wandoujia.com/apps/com.example.chinazk_zsziyuan	中国再生资源平台	3188893	1406736000	其它	NULL	1.0	Android 2.2.x 以上	百度手机助手	676	0	0	-1	-1	-1	NULL	中国再生资源平台，是再生资源行业最大的电子商务交流平台。中国再生资源平台为客户提供最新的即时资讯，最全面的再生资源信息，包括再生资源的供求、政策、资讯等等有关的信息。欢迎广大的客户前来洽谈业务，我们秉着“您的满意，将是对我们最大的肯定”的宗旨，和大家一同为中国再生资源行业贡献出自己的力量。
豌豆荚	1473482073	http://www.wandoujia.com/apps/com.example.com.read.listen.vicp.nete	文本有声朗读大师	7630058	1450368000	新闻阅读-电子书	NULL	1.6	Android 2.1.x 以上	安卓市场	145	0	1	-1	-1	-1	NULL	文本有声朗读大师是一款即可以查看文本文件内容又可以用语音把文本内容读给你听的工具。语音采用讯飞语音技术，合成的效果清晰流畅，不生硬。而且支持多种方言和粤语以及台湾普通话。而且支持本地合成，不会浪费你的流量，可以在断网的环境中使用。具体使用请查看应用中的帮助说明。
豌豆荚	1473482073	http://www.wandoujia.com/apps/com.example.coblogsfrank	博客园公测版	814050	1409846400	聊天社交-社区-新闻·资讯	NULL	1.0	Android 2.3.3 以上	李飞	1625	1	0	-1	-1	-1	NULL	博客园是IT攻城狮每天必逛得技术社区，作为一名技术宅出于个人爱好而开发了Android客户端，在这里你可以看到各类技术分享文章，新鲜的TI资讯一手沙发，本应用是基于博客园官方接口开发的客户端应用程序,具有很好用户体验,下载你就赚了。
豌豆荚	1473482073	http://www.wandoujia.com/apps/com.example.floatview	简约小白点	1907703	1455897600	系统工具-优化	NULL	1.6.0	Android 2.2.x 以上	OPPO软件商店	17000	2	4	-1	-1	-1	NULL	汇集所有常用工具，精炼强化主要功能，兼具简约实用特性的强大辅助工具！
豌豆荚	1473482073	http://www.wandoujia.com/apps/com.example.jkl	金坷垃	19564645	1463587200	购物	NULL	1.0	Android 2.2.x 以上	安卓市场	214	0	0	-1	-1	-1	NULL	金坷垃，专为手机用户推出满足其生活消费和线上购物需求的软件，具有查看商品搜索、浏览、购买、支付、收藏、物流派送、在线咨询、相关农副产品销售和宣传推广等在线功能，成为用户方便快捷的生活消费应用。 产品特色： 1.方便快捷的生活消费入口： 随时随地，查看商品的信息资料，农资、农副产品等等 2.乐享生活极致： 多图浏览，指尖滑动让您随心所欲淘宝贝。 3.购物车： 让购物、支付更方便更实惠。 4.不定时更新新产品 查看动态，更多惊喜等着您！ 5.购买支付： 方便的购买于支付功能，让您轻松安全的做个时尚达人。 6.交易记录： 随时随地查看历史交易状态，全部交易成功的订单。 7.新闻消息动态查询： 关于农科知识消息发布，让您更方便了解近期农业信息。
豌豆荚	1473482074	http://www.wandoujia.com/apps/com.example.xjzmjxs	新疆化肥	2334862	1428940800	生活实用工具-新闻阅读-新闻·资讯-搜索·下载	NULL	3.2	Android 2.3.3 以上	俞耀锋	1731	0	0	-1	-1	-1	NULL	“新疆化肥”手机app是一个开放的农资信息平台，这里每日替用户免费发布、更新农资供求信息。新疆化肥app在苹果商城、小米商城、安卓商城、360手机助手、91手机助手、百度等手机助手均已上架，直接搜索“新疆化肥”即可下载。
豌豆荚	1473482074	http://www.wandoujia.com/apps/com.example.zhizhusezhengshiban	智助社	14775118	1469894400	NULL	NULL	1.1	Android 4.0 以上	安卓市场	147	0	0	-1	-1	-1	NULL	外包的寻物，发求助信息，发动态消息，聊天功能等社交综合性较强的一款应用，可演示， 待上线中【链接地址：http://fir.im/v628】 主要技术：除1期外，增加百度地图定位、周边覆盖物、百度地图数据上传及条件搜索功能，IM融云群聊功能， 好友动态发布及点赞功能，解决手机各个版本兼容及适配问题等等；
豌豆荚	1473482074	http://www.wandoujia.com/apps/com.ezhuo.theme_new_chuxiadeguang	赵奕欢--初夏的光	675915	1366560000	美化手机-桌面·主题	NULL	1.1	Android 2.2.x 以上	搜狗应用市场	1033	0	0	-1	-1	-1	NULL	版本：1.1
豌豆荚	1473482074	http://www.wandoujia.com/apps/com.familyfood.familyfood	全家微健美	11110103	1349971200	休闲时间	NULL	1	Android 2.2.x 以上	百度手机助手	1332	0	0	-1	-1	-1	NULL	使用微健美养成计划手机APP，协助你控制每日饮食，定时体感运动，最贴心的微健美工具让你天天轻一点、天天美一点！ 贴心小提醒：搭配微健美养成计划 Facebook APP，体验更多，乐趣也更多！ ● 我的状态 - 看看本日各项数值及状态，掌握身体状况 ● 今日饮食 - 营养师推荐菜单 - 控管今日的饮食 - 自订新增食物 ● 微健美日历 - 掌握目标达成状况，持续保持才能维持微健美身材。 ● 体感运动 - 依动画指示及进行拳击有氧或是哑铃手机体感运动，让身体动起来！ - 记录每日运动历程 ●加漂亮任务 - 任务清单列表，完成任务取得优惠！ - 领取好康赠品 PIN 码(请至 Famiport 进行兑换) 全家FamilyMart粉丝团 http://www.facebook.com/FamilyMart 全家便利商店官方网站 http://www.family.com.tw
豌豆荚	1473482074	http://www.wandoujia.com/apps/com.faceswap	变脸	12589102	1439308800	NULL	娱乐生活-热门应用-图片处理	1.0	Android 2.2.x 以上	安卓市场	1263	0	0	-1	-1	-1	NULL	一款非常有趣的Android换脸应用，能把两张人像照片中一个人的五官毫无PS痕迹地移植到另一个人的脸上，只需要提供两张包含正脸的图片，接下来的一切都是全自动完成的，不需要任何手动调整，就可以换脸成功，极具喜感！
豌豆荚	1473482074	http://www.wandoujia.com/apps/com.fanshi.tvshopping	天天特价	1005055	1437494400	购物-团购·优惠券	NULL	1.0.8	Android 4.0 以上	北京奇果网络科技有限公司	2946	0	0	-1	-1	-1	NULL	想在电视大屏上看着模特选衣服？ 想看电视的时候买零食？ 不想拿着遥控器在几万种商品里选自己喜欢的？ 天天特价，精选各类适合电视的促销商品，遥控器操作，手机交易，让您在沙发里、电视上轻松购。。
